match_id,venue,toss_winner_is_t1,toss_decision,t1_batting_score,t1_bowling_score,t2_batting_score,t2_bowling_score,t1_h2h_wins,winner
335982,M. Chinnaswamy Stadium,1,field,90.3003,34.885,87.7763,29.1588,0,0
335983,Punjab Cricket Association IS Bindra Stadium,0,bat,88.7465,34.7639,95.3358,31.3849,0,0
335984,Arun Jaitley Stadium,0,bat,93.3385,34.3541,94.5455,35.131,0,1
335985,Wankhede Stadium,1,bat,85.0417,38.733,90.4662,34.8255,0,0
335986,Eden Gardens,0,bat,89.454,29.1588,88.6057,35.3953,0,1
335987,Sawai Mansingh Stadium,0,bat,96.033,35.131,88.4917,34.7639,0,1
335988,Rajiv Gandhi International Stadium,1,bat,90.8312,35.3953,93.3385,32.6216,0,0
335989,MA Chidambaram Stadium,0,field,95.3358,31.3849,87.6834,37.0279,0,1
335990,Rajiv Gandhi International Stadium,0,field,90.6671,35.3953,97.3074,35.131,0,0
335991,Punjab Cricket Association IS Bindra Stadium,0,field,86.2645,35.7179,87.861,37.0279,0,1
335992,M. Chinnaswamy Stadium,0,field,89.1614,38.8065,88.1742,38.0693,0,0
335993,MA Chidambaram Stadium,0,bat,88.6966,31.3849,89.454,29.1588,0,1
335994,Dr DY Patil Sports Academy,0,field,88.5652,38.3481,86.3465,35.2388,0,0
335995,Punjab Cricket Association IS Bindra Stadium,0,bat,88.1956,35.7179,95.0358,32.6216,0,1
335996,M. Chinnaswamy Stadium,0,bat,90.037,37.2157,96.752,28.5197,0,0
335997,Eden Gardens,1,bat,87.4838,29.1588,90.0424,38.6053,0,0
335998,Arun Jaitley Stadium,0,field,93.9058,31.5452,89.5194,36.6314,0,1
335999,Rajiv Gandhi International Stadium,0,field,90.5055,35.3099,89.7902,35.7179,0,0
336000,Sawai Mansingh Stadium,1,bat,91.3319,38.0693,93.2082,31.936,0,1
336001,MA Chidambaram Stadium,1,bat,90.5965,33.2367,98.1881,30.8299,0,0
336034,M. Chinnaswamy Stadium,0,field,89.2546,40.6714,89.4408,35.6199,0,1
336003,Punjab Cricket Association IS Bindra Stadium,1,bat,91.1096,35.7179,91.2273,31.936,0,1
336004,Dr DY Patil Sports Academy,0,field,88.9164,37.8222,99.6358,30.8299,0,1
336005,Sawai Mansingh Stadium,0,bat,90.4422,38.0693,90.5965,33.2367,0,1
336006,M. Chinnaswamy Stadium,0,field,92.0377,40.6714,90.3645,35.7179,0,0
336007,MA Chidambaram Stadium,0,field,90.2293,34.9274,90.5904,35.3721,0,0
336008,Dr DY Patil Sports Academy,1,field,88.8814,36.6178,91.3319,38.0693,0,1
336009,Arun Jaitley Stadium,0,field,99.8644,31.6782,89.8963,32.9129,1,0
336010,Eden Gardens,1,bat,91.0739,31.936,82.5795,39.6516,1,1
336011,Sawai Mansingh Stadium,1,field,88.4786,38.0693,90.8131,35.1159,1,1
336013,MA Chidambaram Stadium,0,field,89.8963,32.9129,90.248,35.7179,1,1
336014,Rajiv Gandhi International Stadium,0,bat,88.6978,34.7351,93.5109,30.0862,0,0
336015,Sawai Mansingh Stadium,1,field,89.5714,36.1479,100.8082,34.1973,0,1
336016,Punjab Cricket Association IS Bindra Stadium,0,bat,90.199,35.7179,91.3636,39.6516,1,1
336017,Eden Gardens,1,bat,94.1498,34.4652,99.9786,34.1973,0,1
336018,Wankhede Stadium,1,field,88.7261,37.8222,90.5411,32.2625,0,1
336020,Arun Jaitley Stadium,0,field,94.3812,34.211,90.8131,35.1159,1,1
336021,Wankhede Stadium,1,field,88.7261,37.8222,89.2378,31.2418,1,1
336022,Arun Jaitley Stadium,1,bat,94.5072,34.211,91.1922,35.7179,0,0
336023,Sawai Mansingh Stadium,0,field,92.0984,38.0693,92.7292,39.3464,1,1
336024,Rajiv Gandhi International Stadium,1,field,96.9515,35.1159,90.4278,37.365,1,0
336025,Eden Gardens,1,bat,90.8116,31.2418,84.1471,36.1879,0,0
336026,M. Chinnaswamy Stadium,0,field,88.0935,40.6714,100.8082,32.6216,0,0
336027,Eden Gardens,0,field,94.7564,30.0862,89.9801,38.0693,0,0
336028,Wankhede Stadium,1,field,89.325,36.8361,91.2346,35.7179,0,0
336029,MA Chidambaram Stadium,0,bat,90.5965,33.5321,91.6042,39.5159,1,0
336031,Punjab Cricket Association IS Bindra Stadium,1,field,89.9423,34.7781,94.2168,35.2036,1,1
336032,Arun Jaitley Stadium,1,field,95.247,34.1973,89.972,36.3049,0,1
336033,MA Chidambaram Stadium,0,bat,90.5732,36.1879,97.5202,38.392,0,0
336002,Rajiv Gandhi International Stadium,1,bat,93.3966,35.1132,90.14,38.888,0,0
336035,Eden Gardens,0,bat,94.0865,30.0862,91.0673,35.7179,0,1
336036,Sawai Mansingh Stadium,1,field,96.0236,37.7976,91.9128,36.8361,0,1
336037,Rajiv Gandhi International Stadium,1,bat,87.483,35.6199,90.4533,36.1879,1,0
336019,Punjab Cricket Association IS Bindra Stadium,0,field,90.1144,35.7179,94.4592,35.6089,0,1
336012,M. Chinnaswamy Stadium,0,field,92.5314,38.9775,89.9194,37.6311,1,0
336038,Wankhede Stadium,1,field,95.247,34.1973,91.3319,38.0693,1,0
336039,Wankhede Stadium,0,bat,88.6193,33.5321,91.0673,34.7639,2,1
336040,Dr DY Patil Sports Academy,0,field,90.9797,33.5321,96.0236,38.0693,0,0
392181,Newlands,1,field,93.1919,29.669,91.32,34.4252,1,0
392182,Newlands,1,bat,96.4019,39.5508,86.9627,34.1037,0,1
392184,Newlands,0,bat,88.0613,35.2219,94.6551,32.0785,0,1
392183,Newlands,1,field,88.5294,36.0317,87.2593,33.8951,0,1
392185,St George's Park,0,bat,95.3647,39.5754,94.6214,33.6486,1,0
392186,Kingsmead,0,field,91.2607,33.8951,94.3979,32.0785,1,0
392188,Newlands,0,bat,95.5552,40.4201,88.284,35.2219,2,0
392189,Kingsmead,0,bat,94.2035,33.6486,99.1692,37.832,1,0
392190,Newlands,1,field,91.7598,31.3067,89.3331,34.1037,0,0
392191,Kingsmead,1,bat,96.1765,38.5396,87.2593,33.8951,0,0
392192,Kingsmead,1,bat,91.7188,35.2219,91.7911,34.4252,1,1
392195,Newlands,1,bat,87.1746,32.8326,86.6654,34.1037,1,1
392194,St George's Park,1,bat,95.371,37.9434,98.5885,38.5588,0,0
392197,St George's Park,0,bat,90.991,31.1396,91.6392,34.4252,0,0
392196,Kingsmead,0,field,94.879,34.3707,90.4984,36.0436,1,0
392198,SuperSport Park,1,bat,98.5885,38.5588,90.4685,34.1037,0,0
392199,Kingsmead,0,bat,92.2073,37.7902,97.4878,29.8921,0,1
392200,Kingsmead,1,bat,87.1746,32.8326,91.6392,34.4252,2,1
392201,SuperSport Park,0,field,91.6852,36.0554,98.5885,38.5588,0,0
392202,SuperSport Park,0,field,94.5683,35.2459,84.9575,33.9493,0,1
392203,Buffalo Park,0,bat,97.4878,31.1396,89.3299,39.3129,0,0
392204,Kingsmead,1,bat,91.117,36.1834,88.3305,34.731,0,1
392206,New Wanderers Stadium,0,field,94.7014,35.2542,97.6719,37.6999,1,1
392205,St George's Park,1,bat,91.6852,36.0554,89.7822,38.7582,0,0
392207,St George's Park,0,bat,88.0448,34.731,96.3854,31.1396,0,1
392208,New Wanderers Stadium,0,bat,82.9548,36.6744,90.6221,38.7689,1,1
392209,Buffalo Park,1,bat,95.5585,35.6895,91.9764,35.6693,1,1
392210,Kingsmead,1,field,88.0448,34.669,88.7461,38.229,2,0
392211,Kingsmead,0,bat,89.2708,36.1879,93.1301,34.1479,0,1
392212,SuperSport Park,1,bat,92.441,35.109,89.4905,36.8954,1,1
392213,SuperSport Park,0,field,90.6617,36.6744,88.7461,38.0376,1,0
392214,SuperSport Park,1,bat,94.3251,35.4157,86.8016,34.669,2,1
392215,Buffalo Park,0,bat,97.9279,36.1879,89.3266,39.1304,1,1
392216,De Beers Diamond Oval,0,field,90.8145,35.6693,88.0871,34.7639,0,0
392217,De Beers Diamond Oval,0,bat,93.8524,35.2542,89.7822,38.229,1,1
392218,St George's Park,0,bat,92.1965,36.8133,90.6221,38.5627,1,0
392219,New Wanderers Stadium,1,field,97.9279,36.1879,93.4141,31.341,1,1
392220,De Beers Diamond Oval,1,bat,92.021,34.7351,89.7822,38.0314,0,1
392221,SuperSport Park,1,field,89.7712,36.4782,89.7939,30.4027,1,1
392222,SuperSport Park,1,bat,87.9774,34.7639,90.6221,38.5627,2,0
392223,Kingsmead,1,field,92.0223,34.7351,102.6523,36.1879,0,0
392225,Kingsmead,0,bat,91.5966,38.5627,86.4677,35.3102,1,0
392224,Kingsmead,0,bat,92.1965,37.7867,94.7014,35.2542,1,1
392226,OUTsurance Oval,0,field,99.7528,37.3668,87.8517,34.7639,1,0
392227,St George's Park,0,bat,94.5683,35.6406,88.8747,36.8954,0,1
392228,New Wanderers Stadium,1,field,90.8145,35.3911,90.4949,30.7612,1,1
392229,New Wanderers Stadium,1,field,90.8145,35.4012,87.8517,34.7639,0,0
392230,OUTsurance Oval,1,bat,99.8808,37.568,86.3974,34.7843,0,1
392231,SuperSport Park,1,bat,91.2988,35.6406,90.4949,33.0056,2,0
392232,New Wanderers Stadium,0,bat,92.352,37.5567,100.145,36.5698,0,1
392234,Kingsmead,1,bat,89.2343,35.5834,87.8517,34.7639,2,1
392233,Kingsmead,1,field,88.4359,34.4575,87.097,35.3289,0,1
392235,SuperSport Park,1,field,102.5606,35.5739,89.7448,38.8379,2,1
392236,SuperSport Park,1,bat,90.5105,37.5567,90.06,35.6693,1,1
392237,SuperSport Park,0,field,102.6523,36.1879,91.218,35.3911,2,0
392238,New Wanderers Stadium,1,field,90.5105,37.7867,94.879,35.2542,1,1
392239,New Wanderers Stadium,1,field,92.4638,37.7867,91.252,35.3911,1,0
419106,Dr DY Patil Sports Academy,1,field,89.3265,35.0033,86.1903,33.1944,2,0
419107,Brabourne Stadium,1,bat,88.2028,38.2139,82.8503,31.5873,0,1
419108,Punjab Cricket Association IS Bindra Stadium,0,field,87.4158,33.8951,99.7528,37.128,1,0
419109,Eden Gardens,1,field,86.1903,34.1796,91.659,39.3627,0,1
419110,MA Chidambaram Stadium,0,bat,95.0661,37.6296,90.3172,35.0033,1,0
419111,Narendra Modi Stadium,0,field,84.5706,33.9496,99.8808,38.1132,1,0
419112,M. Chinnaswamy Stadium,0,bat,89.9312,39.5159,90.3568,32.9843,1,1
419113,Eden Gardens,0,bat,88.0585,33.1464,95.0661,37.6296,1,0
419114,Arun Jaitley Stadium,1,field,98.9404,38.1132,90.6222,37.3704,2,0
419115,M. Chinnaswamy Stadium,1,field,81.8786,39.5159,88.1403,35.7579,1,1
419117,Barabati Stadium,0,field,89.3265,35.0033,90.8608,34.155,0,1
419116,Arun Jaitley Stadium,1,bat,101.441,37.4628,94.771,37.6296,1,0
419118,Narendra Modi Stadium,1,bat,87.8863,33.4575,88.1064,34.1067,1,1
419119,Brabourne Stadium,1,bat,90.9846,37.3704,90.6733,39.5159,1,0
419120,Barabati Stadium,1,bat,90.8886,35.307,101.8292,37.96,1,1
419121,MA Chidambaram Stadium,1,field,94.771,37.6296,87.4158,34.3336,2,0
419122,Brabourne Stadium,0,bat,90.5148,34.9141,91.1522,32.1612,2,1
419123,M. Chinnaswamy Stadium,0,field,92.1019,39.5159,95.2589,36.5233,2,1
419124,Punjab Cricket Association IS Bindra Stadium,1,field,87.2795,34.3336,88.7669,33.4575,1,0
419125,Brabourne Stadium,0,field,93.7901,35.403,90.5148,34.9141,1,0
419128,M. Chinnaswamy Stadium,1,field,92.1019,39.5159,101.9856,34.7656,1,0
419126,Narendra Modi Stadium,0,bat,88.7811,33.3081,90.3512,35.307,1,1
419127,Punjab Cricket Association IS Bindra Stadium,0,bat,87.8249,34.9606,95.5921,35.872,1,0
419129,Narendra Modi Stadium,1,bat,88.3999,33.3081,94.7014,34.2616,0,1
419130,Dr DY Patil Sports Academy,1,field,90.8886,35.099,91.7994,34.9141,2,0
419131,Arun Jaitley Stadium,1,bat,101.9394,36.7876,92.9314,31.9147,2,1
419132,Brabourne Stadium,1,field,91.7994,34.9141,89.6991,34.9606,1,1
419133,MA Chidambaram Stadium,0,bat,95.0736,34.912,95.1847,39.717,0,1
419134,Arun Jaitley Stadium,1,bat,101.9394,36.6169,88.3999,33.3081,2,1
419135,Eden Gardens,1,bat,92.9314,31.9914,90.8886,34.7055,1,1
419136,Punjab Cricket Association IS Bindra Stadium,1,bat,91.8404,34.155,95.1847,39.717,0,0
419137,MA Chidambaram Stadium,1,bat,95.0736,37.3769,91.2705,32.9218,1,1
419138,Brabourne Stadium,1,bat,91.4371,34.9141,89.928,36.2444,1,1
419139,Eden Gardens,1,bat,91.2715,32.6,87.4158,34.3336,1,0
419140,Arun Jaitley Stadium,1,bat,101.5184,38.2264,96.1858,37.9434,1,1
419141,"Vidarbha Cricket Association Stadium, Jamtha",0,bat,89.5895,35.3911,93.7548,29.8201,1,0
419142,MA Chidambaram Stadium,1,bat,95.5658,36.989,92.6728,34.3742,1,1
419143,Sawai Mansingh Stadium,0,bat,94.0677,29.3052,90.5773,33.4228,2,1
419144,Eden Gardens,1,bat,96.6064,34.1668,101.5184,38.2264,0,1
419145,M. Chinnaswamy Stadium,0,field,93.1397,39.5159,93.231,33.8981,1,0
419146,Punjab Cricket Association IS Bindra Stadium,0,bat,86.7793,32.3902,92.5032,35.1244,0,1
419147,"Vidarbha Cricket Association Stadium, Jamtha",0,bat,92.0611,35.3911,95.5658,36.989,1,1
419148,M. Chinnaswamy Stadium,1,field,87.6265,39.5159,94.1486,30.8083,1,1
419149,Arun Jaitley Stadium,1,bat,101.7455,39.1372,86.7793,31.4536,1,0
419150,Sawai Mansingh Stadium,1,field,94.3207,29.3052,91.7939,37.4833,1,0
419151,"Vidarbha Cricket Association Stadium, Jamtha",0,field,90.2008,35.3911,93.1397,38.5425,2,1
419153,MA Chidambaram Stadium,0,bat,94.5373,38.1701,98.8948,32.9049,1,1
419152,Brabourne Stadium,1,bat,91.2947,37.1452,105.9313,36.3908,1,1
419154,Sawai Mansingh Stadium,1,bat,92.6976,33.0563,95.6099,39.717,1,0
419155,MA Chidambaram Stadium,1,bat,96.6,36.867,97.0112,37.885,2,0
419156,Himachal Pradesh Cricket Association Stadium,0,field,89.7902,34.8347,92.9197,34.0933,1,0
419157,M. Chinnaswamy Stadium,1,field,95.6099,39.717,89.3243,36.5867,1,0
419158,Eden Gardens,0,bat,90.8744,33.1479,91.074,31.6593,1,1
419159,Himachal Pradesh Cricket Association Stadium,0,field,89.7055,34.84,94.7983,38.2797,1,0
419160,Arun Jaitley Stadium,0,bat,101.5772,39.8516,92.9197,33.7274,0,0
419161,Eden Gardens,0,bat,87.9246,33.4963,90.4588,34.5274,0,1
419162,Dr DY Patil Sports Academy,0,bat,95.6099,39.717,92.1934,36.0273,1,0
419163,Dr DY Patil Sports Academy,1,bat,94.7983,38.1701,90.2008,35.3911,0,1
419164,Dr DY Patil Sports Academy,0,bat,87.8094,40.8184,91.3816,35.6779,0,1
419165,Dr DY Patil Sports Academy,1,bat,94.7983,38.1701,92.1934,36.0273,1,1
501198,MA Chidambaram Stadium,1,bat,90.6939,34.6886,93.9387,34.504,2,1
501199,Rajiv Gandhi International Stadium,0,field,85.7089,34.1813,82.9024,34.1147,0,0
501200,Nehru Stadium,1,bat,88.1361,34.4249,96.4942,38.3902,0,0
501201,Arun Jaitley Stadium,1,bat,95.8882,35.1333,90.2788,36.8397,0,0
501202,Dr DY Patil Sports Academy,0,bat,87.9296,38.5615,92.217,35.6844,0,1
501203,Eden Gardens,1,bat,94.0261,34.8071,85.7089,34.1813,2,1
501204,Sawai Mansingh Stadium,0,bat,85.1739,36.632,95.8882,35.675,0,1
501205,M. Chinnaswamy Stadium,0,field,96.4942,38.3902,87.3252,36.8397,0,0
501206,Punjab Cricket Association IS Bindra Stadium,1,field,92.2402,35.5458,90.3811,34.6886,1,1
501207,Dr DY Patil Sports Academy,0,bat,87.9499,38.5615,88.1361,34.4249,0,1
501208,Rajiv Gandhi International Stadium,0,field,86.2598,33.9224,96.0208,31.4862,1,1
501209,Sawai Mansingh Stadium,0,field,87.4476,34.7034,93.4763,35.8148,1,0
501210,Wankhede Stadium,0,field,87.5672,38.2542,88.2949,33.7514,0,0
501211,MA Chidambaram Stadium,1,bat,93.0231,34.2975,96.0795,32.0539,1,1
501212,Rajiv Gandhi International Stadium,0,field,86.2637,34.0036,89.7134,35.5102,2,0
501213,Dr DY Patil Sports Academy,0,field,87.846,38.5615,97.1685,34.0193,0,0
501214,Eden Gardens,1,field,93.641,35.8148,87.2219,35.5544,2,1
501215,Nehru Stadium,1,field,89.1682,33.7514,93.0231,36.7976,0,1
501216,Arun Jaitley Stadium,0,bat,97.1685,34.1378,85.7831,33.8071,0,0
501218,Wankhede Stadium,0,bat,92.0211,35.9253,86.565,38.5615,0,1
501219,Eden Gardens,1,field,93.7961,35.8148,89.1077,34.4249,0,0
501220,Punjab Cricket Association IS Bindra Stadium,0,field,92.2402,35.5458,89.6354,34.9144,0,1
501222,Eden Gardens,0,field,95.9163,35.3689,92.7688,37.3025,1,0
501221,Wankhede Stadium,0,field,91.9707,37.3191,92.7478,35.3479,0,1
501223,Arun Jaitley Stadium,0,field,97.3016,32.8892,94.7625,35.0536,1,1
501224,Rajiv Gandhi International Stadium,1,field,85.787,34.1813,92.333,37.3191,0,0
501225,Sawai Mansingh Stadium,1,field,87.7433,34.7034,86.1039,34.4249,0,1
501226,MA Chidambaram Stadium,0,field,92.7478,36.2314,88.0379,38.9544,0,1
501227,Arun Jaitley Stadium,0,field,95.6862,34.1624,99.3777,37.3025,2,0
501228,Dr DY Patil Sports Academy,1,bat,92.2634,36.3564,90.0871,39.1775,0,0
501229,Nehru Stadium,1,field,89.4734,33.7514,85.787,34.0036,0,0
501230,Arun Jaitley Stadium,1,field,96.3257,33.685,93.9886,35.8364,1,0
501231,Sawai Mansingh Stadium,1,field,87.6346,34.7034,91.3138,38.2542,0,1
501232,M. Chinnaswamy Stadium,0,field,99.5461,37.3025,87.8796,35.9683,0,1
501233,Nehru Stadium,0,bat,88.9604,34.7401,94.3404,34.6403,0,0
501234,Eden Gardens,1,field,93.6975,35.7908,96.1473,34.8957,1,1
501235,Sawai Mansingh Stadium,1,field,90.0382,36.6646,87.863,38.9544,0,1
501236,MA Chidambaram Stadium,1,bat,92.7478,36.2314,88.5085,33.1801,1,1
501238,Arun Jaitley Stadium,0,field,94.3404,34.6403,88.6471,33.4981,1,0
501237,Wankhede Stadium,0,field,92.1007,37.331,96.1473,34.8957,1,1
501239,Rajiv Gandhi International Stadium,1,field,85.787,34.1813,93.6975,35.7908,0,0
501241,Dr DY Patil Sports Academy,1,field,88.5416,38.9544,91.1842,37.2053,0,0
501240,MA Chidambaram Stadium,0,bat,92.7227,36.2314,90.5885,36.9556,1,1
501242,Nehru Stadium,0,field,88.6471,33.4981,94.206,35.1375,1,1
501243,Rajiv Gandhi International Stadium,0,field,86.9198,34.0036,93.104,34.9164,2,0
501244,M. Chinnaswamy Stadium,0,field,99.5461,36.8213,92.217,32.3745,2,1
501245,Eden Gardens,0,bat,93.6975,35.1096,92.4099,36.2314,0,1
501246,Wankhede Stadium,0,field,90.9241,37.2053,96.3257,33.8924,2,1
501247,M. Chinnaswamy Stadium,0,bat,92.7688,36.8213,88.9604,33.4981,1,1
501248,Punjab Cricket Association IS Bindra Stadium,1,bat,94.0276,33.5061,91.0319,35.4806,0,0
501249,Sawai Mansingh Stadium,1,field,90.3318,36.6646,94.4046,36.6607,0,0
501250,Rajiv Gandhi International Stadium,1,bat,86.2637,34.1813,92.2905,35.4806,0,0
501251,Punjab Cricket Association IS Bindra Stadium,0,field,96.3802,33.9185,91.1842,37.2053,1,1
501252,Sawai Mansingh Stadium,0,field,90.3318,37.1579,92.7688,35.2948,0,0
501253,MA Chidambaram Stadium,1,bat,93.4714,36.6607,91.9517,31.0933,1,1
501254,Holkar Cricket Stadium,0,field,91.9387,33.4981,96.3802,34.8957,0,0
501255,M. Chinnaswamy Stadium,1,field,99.3594,36.8433,94.206,36.2308,2,1
501256,Wankhede Stadium,0,bat,91.1842,37.2053,90.109,32.8723,2,0
501258,Holkar Cricket Stadium,1,field,89.2528,33.8471,87.6997,35.7692,0,1
501257,Himachal Pradesh Cricket Association Stadium,0,field,94.7272,35.0536,89.4982,34.5523,1,1
501259,Dr DY Patil Sports Academy,0,field,92.8576,36.0581,86.2598,34.2021,1,0
501260,Himachal Pradesh Cricket Association Stadium,1,bat,92.9498,35.0536,98.4964,35.9784,0,1
501261,MA Chidambaram Stadium,1,bat,93.566,36.6607,90.9053,35.7455,0,1
501262,Dr DY Patil Sports Academy,0,field,88.5105,37.6939,93.3998,35.8148,0,0
501263,Wankhede Stadium,1,bat,90.1766,36.109,85.1253,34.7034,1,0
501264,Himachal Pradesh Cricket Association Stadium,1,field,93.0736,35.5458,87.804,33.4993,1,0
501266,M. Chinnaswamy Stadium,1,field,98.7836,36.8213,93.566,36.7013,0,1
501267,Eden Gardens,0,field,93.8835,35.5123,91.8903,35.3031,1,0
501268,Wankhede Stadium,0,field,101.6863,36.8213,93.4714,36.6607,1,0
501269,Wankhede Stadium,1,field,87.7697,36.109,93.8835,35.5123,1,1
501270,MA Chidambaram Stadium,0,field,101.5339,37.3025,92.1768,36.109,0,1
501271,MA Chidambaram Stadium,1,bat,94.4046,36.6607,101.5339,37.3025,1,1
548306,MA Chidambaram Stadium,0,field,94.7914,36.8267,91.7602,36.1043,1,0
548307,Eden Gardens,0,field,95.8136,33.1147,95.2406,35.3156,2,0
548308,Wankhede Stadium,1,field,95.9418,36.8963,85.2465,36.6193,2,0
548309,Sawai Mansingh Stadium,0,field,93.6417,37.3858,95.8535,33.6563,1,1
548311,Dr. Y.S. Rajasekhara Reddy ACA-VDCA Cricket Stadium,1,field,86.6431,33.1052,94.7914,36.8267,0,0
548310,M. Chinnaswamy Stadium,0,field,96.7366,33.0913,95.0718,34.9514,1,1
548312,Sawai Mansingh Stadium,0,field,95.7954,37.3858,97.0791,36.9514,0,1
548313,Maharashtra Cricket Association Stadium,1,bat,88.9872,36.3624,94.61,34.9591,2,1
548314,Dr. Y.S. Rajasekhara Reddy ACA-VDCA Cricket Stadium,1,bat,87.9056,33.5828,90.846,36.8963,1,0
548315,M. Chinnaswamy Stadium,1,field,100.615,35.0495,89.5543,32.683,2,0
548316,Arun Jaitley Stadium,1,field,95.1901,36.2439,94.71,36.8267,1,1
548317,Wankhede Stadium,0,field,90.846,36.8963,96.4752,38.4563,0,1
548318,MA Chidambaram Stadium,0,bat,96.1661,36.8267,100.9161,37.5612,2,1
548319,Punjab Cricket Association IS Bindra Stadium,1,field,92.4716,34.9923,89.1151,37.9138,0,1
548320,Eden Gardens,0,bat,92.0718,36.4213,88.2594,38.1244,1,1
548322,Maharashtra Cricket Association Stadium,0,bat,88.2218,36.3624,96.1661,36.1493,0,1
548323,Eden Gardens,1,field,91.98,35.736,95.0263,35.123,1,0
548324,M. Chinnaswamy Stadium,0,bat,100.7247,36.5102,88.9604,38.1244,2,0
548325,Wankhede Stadium,0,field,90.9412,35.9431,96.9304,36.4119,2,0
548327,M. Chinnaswamy Stadium,0,bat,101.411,34.1286,87.6477,37.8554,1,1
548326,Sawai Mansingh Stadium,0,bat,89.254,38.1244,87.2232,33.6036,2,1
548328,Punjab Cricket Association IS Bindra Stadium,1,bat,94.5922,35.3861,94.5778,36.6999,1,0
548321,Arun Jaitley Stadium,0,bat,96.9304,35.6136,88.0238,33.952,1,1
548330,MA Chidambaram Stadium,0,field,93.667,39.1541,88.9878,37.7502,1,1
548331,Punjab Cricket Association IS Bindra Stadium,0,field,92.0926,35.2062,102.0737,33.0913,1,0
548332,MA Chidambaram Stadium,0,bat,93.667,39.1541,91.6912,38.2601,2,1
548333,Arun Jaitley Stadium,1,field,96.2909,35.6018,88.4771,35.8788,1,0
548334,Wankhede Stadium,1,bat,91.637,35.213,89.3501,35.504,1,0
548335,Barabati Stadium,0,field,90.1389,33.557,93.8818,36.6999,0,0
548336,Sawai Mansingh Stadium,1,field,93.7048,39.6667,101.5593,34.1286,1,0
548337,Maharashtra Cricket Association Stadium,1,bat,93.9352,35.8788,96.2946,35.6018,1,0
548339,Punjab Cricket Association IS Bindra Stadium,1,bat,89.3501,35.504,91.676,34.7825,2,0
548341,Maharashtra Cricket Association Stadium,0,bat,89.3635,38.6776,90.7041,26.0847,1,0
548342,Arun Jaitley Stadium,0,field,96.9304,35.6136,92.4082,37.197,1,1
548344,Eden Gardens,1,bat,93.7329,34.7535,101.411,34.1286,1,1
548343,MA Chidambaram Stadium,0,bat,94.8047,37.5941,92.3849,34.7656,1,0
548345,Arun Jaitley Stadium,1,bat,96.9304,35.6136,91.4097,38.2601,1,1
548346,Wankhede Stadium,1,field,90.2649,36.8127,89.4963,27.3407,1,1
548347,MA Chidambaram Stadium,1,bat,96.8937,33.5825,97.0791,36.9514,1,0
548348,Barabati Stadium,1,bat,89.7078,27.3407,87.0383,38.115,2,1
548349,Sawai Mansingh Stadium,1,bat,92.0017,38.2462,96.2909,35.6018,1,0
548350,M. Chinnaswamy Stadium,0,field,101.98,34.4649,86.573,36.2142,1,0
548351,Maharashtra Cricket Association Stadium,0,bat,88.5038,37.768,90.5087,36.8098,1,0
548352,MA Chidambaram Stadium,1,bat,94.7914,35.2121,87.9873,27.3407,2,1
548353,Eden Gardens,1,bat,97.0791,36.2889,87.1366,38.1591,1,1
548354,Punjab Cricket Association IS Bindra Stadium,0,bat,87.4469,35.3159,89.6086,37.3674,1,0
548355,Wankhede Stadium,1,field,92.2872,36.8127,94.7914,35.2121,2,1
548356,M. Chinnaswamy Stadium,1,field,102.6873,35.6827,87.5999,28.3671,1,1
548357,Arun Jaitley Stadium,1,bat,97.1482,33.3209,93.8818,35.653,1,0
548359,Rajiv Gandhi International Stadium,1,field,88.1539,26.1609,88.6551,33.5893,1,0
548358,Maharashtra Cricket Association Stadium,1,bat,85.7165,38.115,91.8649,37.3381,0,0
548360,Wankhede Stadium,0,field,93.1482,36.8975,92.7387,34.6904,1,0
548361,Sawai Mansingh Stadium,0,field,89.9289,37.3674,94.7513,33.7674,0,0
548329,Rajiv Gandhi International Stadium,1,bat,89.7725,25.9902,103.8619,32.9719,0,0
548362,Maharashtra Cricket Association Stadium,1,field,86.9102,38.333,99.7547,34.0877,0,0
548363,Eden Gardens,0,bat,91.7874,36.7197,91.4883,37.6264,0,0
548364,MA Chidambaram Stadium,1,field,94.8557,35.2121,95.5091,34.6403,1,1
548365,Sawai Mansingh Stadium,1,bat,89.7173,39.9197,88.2003,36.3161,2,1
548366,Punjab Cricket Association IS Bindra Stadium,0,bat,85.9425,35.3159,87.4501,33.9224,1,1
548367,M. Chinnaswamy Stadium,0,field,101.3146,34.0877,93.3798,37.6308,2,0
548368,Eden Gardens,0,field,93.8818,34.7505,96.4616,35.8625,2,0
548369,Arun Jaitley Stadium,0,bat,97.0553,33.7858,90.1237,34.6261,1,1
548370,Wankhede Stadium,1,field,93.3798,37.6308,97.0791,37.8942,2,0
548371,Himachal Pradesh Cricket Association Stadium,1,field,87.59,35.4344,94.7513,33.7674,2,1
548372,Arun Jaitley Stadium,1,field,101.1956,31.0169,92.5787,33.155,0,0
548373,Rajiv Gandhi International Stadium,0,bat,91.738,27.3407,91.6779,40.629,0,1
548374,Himachal Pradesh Cricket Association Stadium,0,field,91.5037,34.7067,99.8993,32.6999,1,0
548375,Maharashtra Cricket Association Stadium,0,bat,85.8704,37.6877,97.0791,37.8942,0,0
548376,Rajiv Gandhi International Stadium,0,field,90.4725,27.3407,101.3146,33.155,1,1
548377,Sawai Mansingh Stadium,1,bat,92.2157,41.7227,88.0431,36.1102,1,0
548378,Maharashtra Cricket Association Stadium,0,bat,97.0553,33.7858,97.7462,37.8942,1,0
548379,M. Chinnaswamy Stadium,0,field,93.3765,35.2121,93.1482,36.1102,0,1
548380,MA Chidambaram Stadium,1,field,105.4839,30.2225,94.4046,35.0462,1,0
548381,MA Chidambaram Stadium,0,bat,95.5826,37.5135,94.4046,35.0462,1,1
597998,Eden Gardens,1,field,92.127,35.413,99.7187,33.8871,2,1
597999,M. Chinnaswamy Stadium,0,field,96.6871,35.1843,91.7558,37.3401,1,1
598000,Rajiv Gandhi International Stadium,0,field,86.7853,28.1327,91.997,34.6474,0,1
598001,Arun Jaitley Stadium,0,bat,99.7187,33.8871,91.8711,37.5612,2,0
598002,MA Chidambaram Stadium,0,bat,92.863,35.4258,93.4601,35.9517,1,0
598004,Rajiv Gandhi International Stadium,0,bat,87.6765,28.2074,98.1902,35.4533,0,1
598003,Maharashtra Cricket Association Stadium,1,bat,90.8127,34.5058,92.8984,35.4344,1,0
598005,Sawai Mansingh Stadium,0,field,92.3783,37.7224,92.127,34.472,1,1
598048,M. Chinnaswamy Stadium,0,bat,101.867,35.6376,85.5052,28.2074,0,1
598006,Wankhede Stadium,1,bat,91.575,37.6361,88.8264,35.8296,0,1
598007,Punjab Cricket Association IS Bindra Stadium,0,field,93.2268,34.7067,95.1271,36.7627,2,0
598008,M. Chinnaswamy Stadium,1,field,102.1223,35.6376,92.127,36.0127,0,1
598009,Maharashtra Cricket Association Stadium,0,bat,92.5685,34.6474,88.5606,37.341,0,1
598010,Arun Jaitley Stadium,1,bat,95.0573,35.2424,86.4593,29.2785,0,0
598011,Wankhede Stadium,1,bat,90.4031,37.6361,92.6986,34.6474,1,1
598012,MA Chidambaram Stadium,1,field,93.9146,35.9926,99.1308,35.7961,2,1
598013,Eden Gardens,1,bat,92.7721,39.5828,85.9539,28.3876,0,1
598014,Sawai Mansingh Stadium,1,field,93.5439,39.1093,93.2268,34.7067,2,1
598015,MA Chidambaram Stadium,0,bat,93.0536,36.1348,93.3232,34.3606,1,0
598016,Punjab Cricket Association IS Bindra Stadium,0,field,94.1649,34.2157,91.9363,39.5828,1,1
598017,M. Chinnaswamy Stadium,1,field,103.088,34.5244,98.7973,35.8296,2,1
598018,Maharashtra Cricket Association Stadium,1,field,92.4953,34.5058,88.3164,28.3876,0,0
598019,Sawai Mansingh Stadium,1,bat,88.5587,39.1093,91.7971,37.6361,0,1
598020,Arun Jaitley Stadium,0,bat,95.7873,35.2815,95.8028,34.4693,0,0
598021,Rajiv Gandhi International Stadium,0,bat,88.3017,28.3876,95.2375,35.3905,0,1
598023,M. Chinnaswamy Stadium,1,field,99.6895,35.1511,90.0745,39.4584,1,1
598022,Eden Gardens,1,bat,91.9363,38.8341,93.3765,34.4693,1,0
598024,Arun Jaitley Stadium,0,bat,105.5219,33.2234,93.0977,38.7369,1,1
598025,Punjab Cricket Association IS Bindra Stadium,1,field,92.6056,34.7982,95.2827,37.1126,2,1
598026,MA Chidambaram Stadium,0,bat,96.1449,34.1321,90.0745,39.1093,2,1
598027,M. Chinnaswamy Stadium,0,field,99.6895,35.1511,97.9803,35.6776,2,1
598059,Arun Jaitley Stadium,0,field,95.9301,35.5985,94.8783,34.093,2,0
598029,Eden Gardens,1,bat,95.633,40.4984,93.4601,37.8441,1,0
598030,MA Chidambaram Stadium,0,bat,96.1449,34.1321,90.7065,27.0504,0,1
598031,Eden Gardens,0,bat,92.7721,39.5828,94.1649,34.5013,1,1
598032,Sawai Mansingh Stadium,0,bat,88.9598,39.7902,87.8579,27.0504,0,1
598033,Wankhede Stadium,1,bat,92.0896,37.0871,99.957,35.3917,1,1
598034,MA Chidambaram Stadium,0,field,97.1418,35.9926,94.8314,36.0833,1,1
598035,Shaheed Veer Narayan Singh International Stadium,0,field,99.3115,35.8296,95.0267,36.928,1,1
598036,Sawai Mansingh Stadium,1,field,95.5519,39.4584,99.8073,35.1834,0,1
598037,Wankhede Stadium,1,bat,92.452,37.6361,92.5321,34.6797,1,1
598038,Maharashtra Cricket Association Stadium,0,bat,95.5428,35.7867,94.3467,34.4693,1,0
598039,Rajiv Gandhi International Stadium,0,bat,87.1844,33.4821,93.4601,37.6361,0,1
598040,Shaheed Veer Narayan Singh International Stadium,0,bat,99.5212,35.8296,91.8169,36.6999,0,1
598041,MA Chidambaram Stadium,1,bat,96.7863,34.4693,90.8698,33.7055,1,1
598042,Maharashtra Cricket Association Stadium,0,bat,89.6832,36.8676,100.2968,35.936,0,0
598043,Eden Gardens,0,bat,96.329,40.7366,95.3051,38.0003,1,1
598044,Rajiv Gandhi International Stadium,0,bat,87.8054,27.0504,95.1813,35.8234,1,1
598046,Wankhede Stadium,1,bat,93.0977,37.6361,93.9146,34.2601,1,1
598047,Sawai Mansingh Stadium,0,bat,93.5439,39.1093,91.1606,35.4806,1,1
598064,Punjab Cricket Association IS Bindra Stadium,1,field,89.4613,33.7055,99.5752,35.4818,1,1
598049,Sawai Mansingh Stadium,0,bat,88.9598,36.4548,98.8114,33.5455,1,1
598050,Wankhede Stadium,1,bat,93.335,37.6361,96.3919,37.9876,1,1
598051,Rajiv Gandhi International Stadium,1,field,87.4089,33.4821,96.1449,34.1321,0,0
598052,Punjab Cricket Association IS Bindra Stadium,0,field,95.3451,33.493,92.7603,39.7902,0,0
598053,Maharashtra Cricket Association Stadium,0,bat,90.9388,34.8696,95.7315,37.685,0,0
598054,Arun Jaitley Stadium,1,field,99.3115,34.9698,99.1125,34.8415,0,0
598055,Maharashtra Cricket Association Stadium,1,bat,87.4072,35.5659,95.0191,38.1624,0,0
598056,Punjab Cricket Association IS Bindra Stadium,1,field,93.2401,34.0281,87.0095,33.4821,0,0
598058,Sawai Mansingh Stadium,1,field,93.5439,37.261,96.1449,34.1321,0,1
598057,JSCA International Stadium Complex,1,field,92.2144,39.2803,99.6268,34.6009,1,1
598060,Wankhede Stadium,0,bat,93.4601,37.6361,88.1042,33.4821,0,1
598062,MA Chidambaram Stadium,1,bat,94.7513,33.4222,97.2169,35.1013,2,1
598045,M. Chinnaswamy Stadium,0,field,102.9562,36.1484,90.6659,34.7689,0,0
598061,JSCA International Stadium Complex,1,field,91.98,39.2803,93.8484,35.4524,2,0
598063,Wankhede Stadium,0,field,94.7736,37.6361,93.5439,37.261,1,1
598028,Himachal Pradesh Cricket Association Stadium,0,field,90.6659,34.7689,99.5565,35.605,1,1
598065,Rajiv Gandhi International Stadium,1,bat,87.0095,33.4821,93.5439,40.8717,0,1
598066,Himachal Pradesh Cricket Association Stadium,0,field,94.5337,34.1876,94.403,37.3713,0,1
598068,M. Chinnaswamy Stadium,0,field,99.8036,35.9884,96.1449,34.1321,0,1
598069,Rajiv Gandhi International Stadium,0,bat,86.8553,33.2667,96.6326,37.7855,0,1
598067,Maharashtra Cricket Association Stadium,1,bat,93.3802,34.4495,99.3423,34.9698,0,1
598070,Arun Jaitley Stadium,1,bat,97.407,34.4693,93.3995,38.0504,0,1
598071,Arun Jaitley Stadium,0,bat,93.5439,37.261,87.0095,33.4821,1,1
598072,Eden Gardens,0,bat,93.0289,37.6361,93.5439,37.261,1,1
598073,Eden Gardens,0,bat,93.3765,34.4693,93.0289,37.6361,1,0
729279,Sheikh Zayed Stadium,0,bat,92.7873,38.1384,97.7336,37.7271,2,0
729281,Sharjah Cricket Stadium,0,field,90.3327,35.7861,90.1695,33.8033,0,0
729285,Sheikh Zayed Stadium,0,field,96.1629,33.4821,92.5078,36.2673,1,0
729283,Sheikh Zayed Stadium,1,bat,94.2566,34.5526,95.443,34.1861,2,0
729287,Dubai International Cricket Stadium,1,field,96.9049,33.8033,93.3446,39.4024,1,1
729289,Dubai International Cricket Stadium,1,bat,97.7336,37.7271,90.7489,34.0862,1,0
729291,Sharjah Cricket Stadium,0,field,93.7509,35.5313,95.6706,34.1861,2,0
729293,Sheikh Zayed Stadium,1,bat,96.5336,36.4877,90.7277,33.0299,2,1
729295,Sharjah Cricket Stadium,0,field,95.443,35.2619,96.7556,33.4821,0,1
729297,Dubai International Cricket Stadium,1,field,93.7509,35.4113,96.5336,36.4877,1,0
729299,Sharjah Cricket Stadium,1,field,97.8793,34.0753,98.1742,37.2836,1,0
729303,Dubai International Cricket Stadium,0,bat,96.5336,34.6673,92.7873,38.1384,1,1
729301,Dubai International Cricket Stadium,1,bat,91.9345,33.4821,95.349,34.5117,2,1
729305,Sheikh Zayed Stadium,1,field,93.7332,35.8924,98.2807,34.8999,1,1
729307,Sheikh Zayed Stadium,1,field,98.1742,38.0444,96.9642,35.2619,1,0
729309,Sharjah Cricket Stadium,0,bat,95.0531,34.5117,92.7873,38.1384,1,1
729311,Sharjah Cricket Stadium,1,bat,96.1629,33.4821,96.5336,36.4877,0,0
729313,Dubai International Cricket Stadium,1,field,96.9642,35.2619,102.804,33.8033,2,1
729315,Sheikh Zayed Stadium,0,bat,95.435,37.7271,98.6245,36.6181,1,0
729317,Dubai International Cricket Stadium,1,field,90.3114,38.1384,97.2218,33.4821,1,0
733971,JSCA International Stadium Complex,1,bat,93.36,34.6673,105.6561,34.853,2,1
733975,Arun Jaitley Stadium,0,field,95.0531,36.2812,93.8776,35.5313,0,0
733973,Wankhede Stadium,0,bat,90.3114,39.1209,96.9642,35.2619,1,1
733977,M. Chinnaswamy Stadium,1,field,103.8436,32.8684,97.2218,32.9345,1,1
733979,Narendra Modi Stadium,0,field,95.9626,35.4113,105.6561,34.6302,1,1
733981,Arun Jaitley Stadium,0,field,95.0531,34.5117,93.36,34.6673,0,0
733983,Wankhede Stadium,0,field,89.3211,38.4261,103.8436,32.8684,1,1
733985,Arun Jaitley Stadium,1,bat,94.6183,34.5576,95.435,37.0213,2,0
733987,Barabati Stadium,0,field,95.903,35.1639,96.5336,36.4877,1,1
733989,Narendra Modi Stadium,1,field,95.4879,35.5313,97.9397,34.7001,2,0
733991,M. Chinnaswamy Stadium,1,field,102.2499,32.8714,97.1387,35.2619,0,0
733993,Arun Jaitley Stadium,0,field,95.3693,33.5517,94.1545,34.7001,0,0
733995,Wankhede Stadium,0,field,92.2965,38.4261,96.5336,37.6593,1,0
733997,Barabati Stadium,0,field,97.1387,34.4101,90.8808,37.7419,1,0
733999,M. Chinnaswamy Stadium,1,bat,102.291,33.8033,95.9626,35.5313,0,0
734001,Rajiv Gandhi International Stadium,1,bat,97.9397,34.7001,91.9165,38.7333,1,0
734003,JSCA International Stadium Complex,0,bat,96.848,35.2474,92.5007,36.2945,1,1
734005,M. Chinnaswamy Stadium,0,field,101.8642,36.7221,96.5338,33.4868,2,1
734009,Barabati Stadium,1,field,93.0927,38.2652,92.2965,38.7333,1,1
734007,Rajiv Gandhi International Stadium,0,field,94.1545,34.7001,98.8657,35.1639,1,0
734011,Narendra Modi Stadium,0,field,94.0862,36.3606,93.0786,32.9899,2,1
734013,JSCA International Stadium Complex,1,bat,94.4481,36.0044,101.7972,36.7221,1,0
734015,Rajiv Gandhi International Stadium,1,bat,97.2218,33.4821,93.5764,38.2652,1,0
734017,Narendra Modi Stadium,0,bat,95.2416,34.3567,92.1758,37.9244,0,0
734019,Arun Jaitley Stadium,0,field,93.5977,34.9236,98.8657,32.9425,0,0
734021,Rajiv Gandhi International Stadium,0,bat,92.6439,32.9345,101.7972,36.7221,0,1
734023,Eden Gardens,1,field,91.3243,37.4246,96.5336,34.6673,0,1
734025,Punjab Cricket Association IS Bindra Stadium,0,field,99.5427,32.9425,93.6665,36.7016,1,0
734029,JSCA International Stadium Complex,0,field,95.8225,36.7727,92.6439,32.9345,2,0
734027,Eden Gardens,0,field,93.5764,37.5043,102.2177,34.9479,2,1
734031,Wankhede Stadium,0,field,94.6215,37.9244,92.117,34.9049,0,1
734033,Punjab Cricket Association IS Bindra Stadium,0,field,96.9631,28.1979,94.7195,37.261,1,1
734035,M. Chinnaswamy Stadium,0,field,99.8209,36.3991,94.7344,36.595,2,0
734037,Eden Gardens,1,field,97.705,37.5043,90.004,32.4853,1,1
734039,Punjab Cricket Association IS Bindra Stadium,1,field,98.1952,28.7594,92.5444,34.3819,2,1
734041,Wankhede Stadium,1,field,94.6096,37.9244,92.7181,35.0773,2,1
734043,Eden Gardens,1,field,98.8657,28.7594,97.705,38.2652,1,0
734045,Brabourne Stadium,1,field,97.2782,35.1058,94.6096,37.0136,2,1
734047,Wankhede Stadium,1,field,97.0777,35.1058,98.8657,28.8679,0,0
734049,M. Chinnaswamy Stadium,1,field,97.705,38.2652,98.8657,28.6999,2,1
829705,Eden Gardens,1,field,105.6561,35.565,89.5631,38.5357,2,1
829707,MA Chidambaram Stadium,0,field,96.9819,35.52,93.0613,35.9084,2,1
829709,Maharashtra Cricket Association Stadium,1,field,97.8891,29.2945,97.8927,36.8735,2,0
829711,MA Chidambaram Stadium,1,bat,94.2566,35.52,96.5765,32.0578,1,1
829713,Eden Gardens,0,field,105.6561,35.565,102.2523,30.6356,2,0
829717,Wankhede Stadium,1,field,91.1454,36.6756,96.9108,34.9434,2,0
829715,Arun Jaitley Stadium,0,field,90.9162,35.4901,97.8927,36.8735,0,0
829719,M. Chinnaswamy Stadium,0,field,102.2523,30.6356,96.9065,25.6421,1,0
829721,Narendra Modi Stadium,0,bat,96.1031,36.8735,90.2308,36.3636,0,1
829725,Maharashtra Cricket Association Stadium,1,bat,97.8891,34.9434,91.0323,37.1111,2,0
829727,Dr. Y.S. Rajasekhara Reddy ACA-VDCA Cricket Stadium,0,field,96.016,25.6421,97.8927,36.8735,1,0
829729,Wankhede Stadium,1,bat,92.4529,36.6756,96.9819,35.52,0,0
829731,Dr. Y.S. Rajasekhara Reddy ACA-VDCA Cricket Stadium,0,bat,96.016,26.6483,91.0323,37.1111,2,0
829733,Maharashtra Cricket Association Stadium,0,field,98.0642,33.9262,105.6561,35.251,0,0
829737,M. Chinnaswamy Stadium,1,field,104.434,34.9428,93.6275,38.248,1,0
829735,Narendra Modi Stadium,0,bat,97.4869,36.9295,96.9819,35.52,0,1
829739,Arun Jaitley Stadium,0,field,90.7652,37.1111,105.6561,35.251,1,0
829741,Narendra Modi Stadium,0,field,99.3741,36.9295,97.9372,34.9434,1,0
829743,Dr. Y.S. Rajasekhara Reddy ACA-VDCA Cricket Stadium,0,field,99.0052,33.5671,105.6561,35.251,0,1
829745,M. Chinnaswamy Stadium,1,field,102.5639,33.5277,96.9819,35.52,1,0
829747,Arun Jaitley Stadium,0,field,90.0168,37.1111,93.6275,38.248,1,1
829749,Narendra Modi Stadium,0,field,99.1344,36.9295,103.0286,33.5277,2,0
829751,Wankhede Stadium,1,bat,92.8978,36.4975,94.1207,33.2705,1,1
829753,MA Chidambaram Stadium,1,bat,94.2566,35.52,95.9865,29.2945,0,1
829757,Arun Jaitley Stadium,0,field,90.0168,37.1111,97.9865,33.2776,0,0
829759,Punjab Cricket Association IS Bindra Stadium,1,field,93.5609,34.9778,92.7082,25.6421,2,0
829765,MA Chidambaram Stadium,0,field,96.9819,35.52,105.385,33.9511,1,1
829723,Eden Gardens,1,field,105.385,33.9511,96.9819,34.3016,1,1
829767,Arun Jaitley Stadium,1,field,89.8215,36.115,96.9631,33.5061,1,1
829769,Wankhede Stadium,0,field,92.8978,36.4975,95.5301,36.7473,1,1
829771,M. Chinnaswamy Stadium,1,field,101.0456,32.1807,105.7597,33.9511,1,1
829773,Rajiv Gandhi International Stadium,0,field,92.6399,26.1236,96.9819,34.3016,1,1
829775,Punjab Cricket Association IS Bindra Stadium,0,bat,97.8891,29.2945,92.197,36.4975,1,0
829777,Brabourne Stadium,0,field,90.1278,35.4113,91.0085,37.4649,2,1
829779,MA Chidambaram Stadium,1,bat,96.9819,34.3016,101.0268,33.5277,2,1
829781,Eden Gardens,0,field,105.0802,34.5538,95.1936,34.3873,1,1
829783,Wankhede Stadium,0,bat,93.6036,36.4975,91.0085,35.9129,1,1
829785,M. Chinnaswamy Stadium,0,field,102.721,32.6951,95.1986,29.2945,0,1
829787,Brabourne Stadium,1,field,99.1344,36.9295,93.0091,32.365,1,0
829761,Eden Gardens,1,bat,105.6561,35.8021,90.8731,35.6089,2,1
829789,MA Chidambaram Stadium,1,bat,96.9819,34.5526,93.6036,33.6954,2,0
829793,Shaheed Veer Narayan Singh International Stadium,0,bat,93.9949,36.6607,92.5934,32.365,1,0
829791,Eden Gardens,0,bat,105.6561,35.8021,94.6021,32.5292,2,1
829795,Wankhede Stadium,0,bat,93.6036,38.248,100.189,32.6951,2,0
829797,MA Chidambaram Stadium,1,bat,96.9819,34.3016,99.1391,36.0207,1,1
829799,Rajiv Gandhi International Stadium,1,bat,98.971,32.3748,95.1986,32.5292,1,1
829801,Shaheed Veer Narayan Singh International Stadium,0,bat,94.1522,36.9159,96.9819,33.8779,0,1
829803,Punjab Cricket Association IS Bindra Stadium,0,field,94.5948,32.5292,103.0066,32.6951,1,1
829805,Wankhede Stadium,0,field,93.6036,36.4975,105.6561,35.565,0,1
829807,Rajiv Gandhi International Stadium,1,bat,91.9522,34.624,102.2077,32.5476,2,0
829811,Brabourne Stadium,1,bat,99.1344,36.9295,104.9371,34.2376,2,1
829809,Punjab Cricket Association IS Bindra Stadium,1,bat,94.5948,32.5292,97.2016,35.224,1,0
829815,Rajiv Gandhi International Stadium,1,bat,96.9758,27.6329,92.3899,36.4975,0,0
829817,Wankhede Stadium,0,bat,96.9506,34.5526,93.6036,36.4975,1,0
829819,Maharashtra Cricket Association Stadium,1,bat,103.0066,32.6951,99.1344,36.9295,1,1
829821,JSCA International Stadium Complex,1,field,96.9506,34.5526,103.0066,32.6951,2,1
829823,Eden Gardens,0,field,93.2652,36.4975,96.9506,34.5526,2,1
980901,Wankhede Stadium,1,bat,98.358,36.9153,95.5686,36.1813,0,0
980903,Eden Gardens,1,field,98.1805,36.0729,102.1512,36.0821,2,1
980905,Punjab Cricket Association IS Bindra Stadium,0,field,96.4148,34.3864,96.6978,33.4453,0,0
980907,M. Chinnaswamy Stadium,0,field,102.1876,33.3295,92.95,28.4471,1,1
980909,Eden Gardens,0,field,104.9425,36.2776,96.0347,36.3665,1,0
980911,Saurashtra Cricket Association Stadium,0,bat,93.0595,33.8104,97.2711,36.1813,0,1
980913,Arun Jaitley Stadium,1,field,97.7601,35.525,95.928,34.3864,2,1
980915,Rajiv Gandhi International Stadium,1,bat,92.95,26.6142,100.5182,35.565,1,0
980917,Wankhede Stadium,0,field,97.3847,36.3665,92.8924,33.3464,0,0
980919,Punjab Cricket Association IS Bindra Stadium,0,bat,95.928,34.6397,96.3442,38.2895,0,1
980921,M. Chinnaswamy Stadium,0,field,103.4054,33.3449,100.0767,35.525,1,0
980923,Rajiv Gandhi International Stadium,1,field,95.1165,33.1624,97.3587,36.8492,0,1
980925,Punjab Cricket Association IS Bindra Stadium,0,field,95.928,34.6397,105.6561,35.565,0,0
980927,Wankhede Stadium,1,field,97.3847,36.3665,109.4471,34.4761,1,1
980929,Saurashtra Cricket Association Stadium,0,field,93.5132,36.1659,94.3744,33.1624,0,0
980931,Maharashtra Cricket Association Stadium,1,field,96.1316,36.805,103.7165,34.4761,0,0
980933,Arun Jaitley Stadium,0,field,99.2238,35.2169,97.3847,36.3665,1,1
980935,Rajiv Gandhi International Stadium,1,field,92.4626,33.6036,95.0998,34.6397,2,1
980937,Saurashtra Cricket Association Stadium,0,bat,94.8999,33.5887,102.5383,35.8981,0,1
980939,Maharashtra Cricket Association Stadium,0,field,94.1415,35.448,106.1093,35.565,0,0
980941,Punjab Cricket Association IS Bindra Stadium,1,field,95.7936,34.3864,97.3847,36.3665,1,0
980943,Rajiv Gandhi International Stadium,0,field,95.5036,33.6524,95.0924,34.344,0,0
980945,Arun Jaitley Stadium,1,field,101.2169,35.2169,97.4461,32.9896,0,0
980947,Wankhede Stadium,1,field,97.3847,36.3665,106.495,34.624,2,1
980949,Maharashtra Cricket Association Stadium,0,field,90.4704,35.1061,97.4461,32.9896,0,0
980951,Arun Jaitley Stadium,0,field,103.0627,35.6083,106.0923,35.357,0,1
980953,Rajiv Gandhi International Stadium,0,field,94.0115,28.7698,99.6546,37.1938,0,1
980955,Saurashtra Cricket Association Stadium,1,field,97.4461,32.9896,95.6537,34.1141,1,0
980957,Maharashtra Cricket Association Stadium,0,field,88.8535,36.488,96.2811,36.8492,1,0
980959,M. Chinnaswamy Stadium,0,field,104.0586,39.1911,105.7633,35.251,2,0
980961,Saurashtra Cricket Association Stadium,0,field,97.4463,32.2667,100.034,36.0569,1,0
980963,Eden Gardens,0,field,100.7102,35.0886,96.0929,34.1141,2,1
980965,Arun Jaitley Stadium,0,field,96.5248,33.8933,87.3513,36.488,0,0
980967,Rajiv Gandhi International Stadium,1,field,94.8218,34.1437,95.3485,32.9899,1,1
980969,M. Chinnaswamy Stadium,1,field,107.9428,33.803,88.8033,36.28,1,1
980971,Punjab Cricket Association IS Bindra Stadium,0,field,100.5373,33.9428,103.9822,35.6083,0,1
980973,Dr. Y.S. Rajasekhara Reddy ACA-VDCA Cricket Stadium,1,field,97.3847,36.3665,94.4346,34.1437,1,0
980975,Eden Gardens,0,field,104.8876,35.0886,95.3485,32.7099,0,0
980977,Punjab Cricket Association IS Bindra Stadium,1,field,97.7353,33.589,108.9986,40.4231,1,0
980979,Dr. Y.S. Rajasekhara Reddy ACA-VDCA Cricket Stadium,0,bat,88.8033,36.28,94.8218,34.1437,1,0
980981,M. Chinnaswamy Stadium,0,field,104.0586,39.1911,98.0747,36.9526,1,0
980983,Rajiv Gandhi International Stadium,0,field,94.8218,34.1437,102.1352,35.6747,1,0
980985,Dr. Y.S. Rajasekhara Reddy ACA-VDCA Cricket Stadium,1,bat,98.1601,36.9526,100.113,34.1141,2,0
980987,M. Chinnaswamy Stadium,0,field,101.058,39.1911,92.8663,32.7099,0,1
980989,Eden Gardens,0,bat,103.1364,35.565,89.255,36.6418,1,1
980991,Punjab Cricket Association IS Bindra Stadium,1,bat,100.5373,33.7487,96.4255,33.5428,0,0
980993,Dr. Y.S. Rajasekhara Reddy ACA-VDCA Cricket Stadium,0,field,98.5755,36.7529,102.1352,35.5384,1,1
980995,Eden Gardens,0,field,105.6561,35.565,103.7713,36.2794,1,0
980997,Dr. Y.S. Rajasekhara Reddy ACA-VDCA Cricket Stadium,1,field,87.3551,36.6418,100.9914,36.352,1,1
980999,M. Chinnaswamy Stadium,0,field,104.0586,39.1911,96.4176,34.1484,1,1
981001,Green Park,1,field,95.3485,33.5887,97.5124,37.4178,1,1
981003,Shaheed Veer Narayan Singh International Stadium,1,field,97.3818,35.9905,93.9864,33.5203,1,1
981005,Dr. Y.S. Rajasekhara Reddy ACA-VDCA Cricket Stadium,0,bat,89.255,36.6418,95.8022,34.1484,0,1
981007,Green Park,1,field,95.3485,33.5887,98.5476,36.7529,1,1
981009,Eden Gardens,0,field,97.5673,36.6385,94.8218,33.5203,2,1
981011,Shaheed Veer Narayan Singh International Stadium,0,field,103.1329,35.525,105.7822,36.2794,1,0
981013,M. Chinnaswamy Stadium,0,field,95.3485,33.5887,105.7822,39.7905,1,0
981015,Arun Jaitley Stadium,0,field,98.4649,33.4169,97.5673,37.219,0,1
981017,Arun Jaitley Stadium,0,field,95.3485,32.9437,98.4649,32.7627,0,0
981019,M. Chinnaswamy Stadium,0,bat,105.7822,39.7905,98.4649,33.4169,1,0
1082591,Rajiv Gandhi International Stadium,0,field,98.3417,34.0453,101.399,39.1911,2,1
1082592,Maharashtra Cricket Association Stadium,1,field,91.8598,35.7076,98.3878,35.5674,1,1
1082593,Saurashtra Cricket Association Stadium,0,field,97.1139,31.4293,92.6784,34.7126,2,0
1082594,Holkar Cricket Stadium,1,field,101.1928,33.7695,90.9281,35.4359,1,1
1082595,M. Chinnaswamy Stadium,1,bat,96.1962,35.9357,103.3641,35.5164,1,1
1082596,Rajiv Gandhi International Stadium,1,field,97.3945,34.0453,97.1139,29.9153,2,1
1082597,Wankhede Stadium,1,field,98.0468,38.8041,98.1742,34.7879,2,1
1082598,Holkar Cricket Stadium,0,bat,99.9294,33.7695,96.7046,35.9357,0,1
1082599,Maharashtra Cricket Association Stadium,1,field,95.3867,35.7076,101.1685,35.8732,2,0
1082600,Wankhede Stadium,1,field,98.0468,38.8041,96.1662,34.2889,0,1
1082601,Eden Gardens,1,field,89.2585,34.5079,101.1928,33.9428,2,1
1082602,M. Chinnaswamy Stadium,0,field,98.6971,34.9425,98.0468,36.9526,0,0
1082603,Saurashtra Cricket Association Stadium,1,field,94.9003,32.7535,92.1367,34.8628,2,1
1082604,Eden Gardens,0,field,97.3869,34.3804,98.4649,34.0453,1,1
1082605,Arun Jaitley Stadium,1,bat,102.2283,36.9061,100.2596,34.2267,1,1
1082606,Wankhede Stadium,1,field,98.0468,38.8041,99.2063,33.1956,0,1
1082607,M. Chinnaswamy Stadium,1,field,96.3138,34.3043,91.6469,34.9102,2,0
1082608,Arun Jaitley Stadium,1,bat,101.6186,36.4083,97.3869,35.0818,1,0
1082609,Rajiv Gandhi International Stadium,0,field,94.0764,34.5493,100.2596,34.5425,2,1
1082610,Saurashtra Cricket Association Stadium,1,field,97.4463,31.947,104.1175,34.0966,0,0
1082611,Rajiv Gandhi International Stadium,1,bat,94.5754,34.5493,101.6186,36.9061,0,1
1082612,Holkar Cricket Stadium,0,field,100.2326,33.9428,95.0334,38.8041,1,0
1082613,Eden Gardens,0,field,97.5124,35.3959,97.4463,32.2667,1,0
1082615,Maharashtra Cricket Association Stadium,1,field,91.82,34.9102,96.031,33.5668,1,1
1082614,Wankhede Stadium,0,field,98.0468,37.2444,102.2283,35.3416,1,1
1082616,Saurashtra Cricket Association Stadium,1,field,94.9003,36.9298,101.7732,33.7695,1,0
1082617,Eden Gardens,0,field,97.3869,35.0818,98.6971,34.9425,1,1
1082618,Wankhede Stadium,1,field,97.9345,36.6462,91.82,34.9102,1,0
1082620,Maharashtra Cricket Association Stadium,0,field,90.6513,34.9102,88.3085,34.8373,0,0
1082621,M. Chinnaswamy Stadium,0,field,107.0202,34.5905,95.4064,38.0148,2,0
1082622,Eden Gardens,1,field,89.112,35.0818,102.2283,35.3416,1,1
1082623,Punjab Cricket Association IS Bindra Stadium,1,field,95.8489,34.0637,94.5754,34.5366,0,0
1082624,Maharashtra Cricket Association Stadium,0,field,91.631,35.2376,101.3579,38.5399,1,1
1082625,Saurashtra Cricket Association Stadium,1,bat,96.6333,33.5019,98.0468,38.8041,1,0
1082626,Punjab Cricket Association IS Bindra Stadium,1,field,95.9965,33.7695,102.1509,34.5636,1,1
1082627,Rajiv Gandhi International Stadium,0,field,96.8374,33.9407,92.6951,35.0818,1,1
1082628,Wankhede Stadium,0,bat,98.0468,37.9621,105.0445,34.1283,2,1
1082629,Maharashtra Cricket Association Stadium,1,field,91.82,34.9102,97.4463,30.9588,0,1
1082630,Arun Jaitley Stadium,1,field,101.6324,34.5636,94.4346,34.5493,1,1
1082631,Eden Gardens,0,field,96.2238,35.0818,91.82,34.9102,2,0
1082632,Arun Jaitley Stadium,1,field,97.2026,34.6681,97.4463,30.9588,1,1
1082633,M. Chinnaswamy Stadium,1,field,101.5218,34.1283,101.2588,33.7695,1,0
1082635,Arun Jaitley Stadium,1,field,97.2026,34.8729,92.4138,38.2284,0,0
1082634,Rajiv Gandhi International Stadium,1,field,96.9606,34.0453,91.82,34.9102,1,0
1082636,M. Chinnaswamy Stadium,0,field,107.0202,34.5905,93.2655,34.8353,1,0
1082637,Punjab Cricket Association IS Bindra Stadium,0,field,98.2502,33.7695,95.9297,32.3129,2,0
1082638,Rajiv Gandhi International Stadium,0,bat,94.3371,34.5493,94.2897,38.2284,1,1
1082639,Punjab Cricket Association IS Bindra Stadium,0,field,95.5041,35.3324,94.282,34.6441,0,1
1082640,Green Park,0,field,95.9297,32.3129,98.4906,35.5425,0,0
1082641,Wankhede Stadium,1,field,94.2897,38.2284,93.9635,35.3324,1,0
1082642,Arun Jaitley Stadium,1,bat,97.2026,36.6557,91.82,35.1698,1,1
1082644,Eden Gardens,1,field,94.282,36.9929,93.5964,33.0279,0,0
1082643,Green Park,0,field,95.9297,33.1333,92.9163,33.9209,0,0
1082645,Maharashtra Cricket Association Stadium,1,field,90.5023,35.1698,94.2974,35.3324,1,1
1082646,Arun Jaitley Stadium,0,bat,97.2026,36.6557,106.5718,37.3052,0,0
1082647,Wankhede Stadium,1,field,93.7399,37.4059,91.631,35.0148,0,0
1082648,M. Chinnaswamy Stadium,0,field,96.5814,33.9407,94.1975,37.1997,1,0
1082649,M. Chinnaswamy Stadium,1,field,93.7399,37.4847,96.1311,37.2883,2,1
1082650,Rajiv Gandhi International Stadium,1,bat,93.7399,37.4847,91.631,35.0148,0,1
1136561,Wankhede Stadium,0,field,98.8011,36.371,93.9536,31.4501,2,0
1136563,Eden Gardens,0,field,101.178,32.2237,105.655,34.7437,0,0
1136562,Punjab Cricket Association IS Bindra Stadium,0,field,97.767,34.9046,96.969,35.2267,1,0
1136564,Rajiv Gandhi International Stadium,0,field,99.3579,37.523,88.1113,34.4148,1,0
1136565,MA Chidambaram Stadium,0,field,105.0456,34.7437,94.414,35.3689,1,0
1136566,Sawai Mansingh Stadium,0,field,98.697,35.7698,99.1499,34.0157,2,1
1136567,Rajiv Gandhi International Stadium,0,field,100.2483,35.1641,92.6738,33.8584,1,0
1136568,M. Chinnaswamy Stadium,0,field,96.6335,35.2267,101.178,32.2237,2,0
1136569,Wankhede Stadium,0,field,99.4115,35.3881,98.7349,34.901,2,0
1136570,Eden Gardens,0,field,104.3415,35.0607,92.6738,34.4148,1,0
1136571,M. Chinnaswamy Stadium,0,field,99.3579,37.523,100.01,31.6664,0,1
1136572,Punjab Cricket Association IS Bindra Stadium,0,field,99.137,34.8193,92.8353,35.3689,0,1
1136573,Eden Gardens,0,field,103.7321,35.1929,100.3236,34.1265,2,1
1136574,Wankhede Stadium,0,field,99.4115,35.6332,99.5251,31.8465,2,1
1136575,Sawai Mansingh Stadium,0,field,99.3579,37.523,93.73,37.587,2,0
1136576,Punjab Cricket Association IS Bindra Stadium,1,bat,98.658,34.1215,92.6738,34.4148,0,1
1136577,Maharashtra Cricket Association Stadium,0,field,94.414,34.1058,104.1848,37.1449,1,1
1136578,Eden Gardens,0,field,103.7321,35.1929,96.9211,35.2687,1,0
1136579,M. Chinnaswamy Stadium,0,field,101.401,34.4723,100.4506,31.8465,0,0
1136580,Rajiv Gandhi International Stadium,0,field,96.743,34.1173,91.3059,36.8904,1,1
1136581,Sawai Mansingh Stadium,1,bat,99.4115,35.6332,104.8905,38.059,1,0
1136582,Arun Jaitley Stadium,0,field,95.3013,35.2687,99.6522,34.9944,2,1
1136583,Wankhede Stadium,0,field,93.1012,33.8584,99.4115,35.6332,2,1
1136584,M. Chinnaswamy Stadium,0,field,97.8173,32.9022,94.414,35.3689,0,0
1136585,Rajiv Gandhi International Stadium,0,field,93.1012,33.8584,97.799,33.8044,1,1
1136586,Arun Jaitley Stadium,0,field,100.292,34.1781,104.3415,35.0607,0,1
1136587,Maharashtra Cricket Association Stadium,0,field,94.0563,35.3689,98.071,35.331,1,0
1136588,Sawai Mansingh Stadium,1,bat,93.2504,33.8584,99.1588,38.667,2,1
1136589,M. Chinnaswamy Stadium,0,field,96.3483,33.0249,104.3415,35.0607,0,0
1136590,Maharashtra Cricket Association Stadium,0,field,96.743,35.4207,100.292,34.1781,1,1
1136591,M. Chinnaswamy Stadium,0,field,96.5761,33.1461,99.3084,34.6367,0,1
1136592,Arun Jaitley Stadium,0,field,100.1119,34.1781,98.4671,36.0812,0,1
1136593,Eden Gardens,0,field,96.743,34.701,105.1152,35.0607,1,0
1136594,Holkar Cricket Stadium,0,field,100.8047,36.4391,99.5893,35.331,1,0
1136595,Maharashtra Cricket Association Stadium,0,field,96.4001,33.0249,93.8955,34.8954,0,0
1136596,Rajiv Gandhi International Stadium,1,bat,100.0817,34.1781,92.263,34.3884,1,0
1136597,Wankhede Stadium,0,field,98.3608,35.331,104.3415,35.0607,2,1
1136598,Holkar Cricket Stadium,0,field,99.9625,37.6036,100.5117,35.0898,1,0
1136599,Rajiv Gandhi International Stadium,0,field,93.2504,34.3884,98.8506,36.1668,2,1
1136600,Sawai Mansingh Stadium,1,bat,97.3599,38.8127,98.3278,34.8121,0,1
1136601,Eden Gardens,0,field,100.1876,35.331,105.0456,35.1929,2,1
1136602,Arun Jaitley Stadium,1,bat,100.1805,33.5668,87.6613,34.3884,1,0
1136603,Sawai Mansingh Stadium,1,bat,94.414,35.0021,98.1636,39.0433,2,0
1136604,Holkar Cricket Stadium,0,field,104.3415,35.1929,98.9798,34.8121,0,1
1136605,Arun Jaitley Stadium,0,field,100.9924,32.6776,96.7821,36.1668,0,0
1136606,Maharashtra Cricket Association Stadium,0,field,89.1358,34.3884,93.8955,35.8015,1,0
1136607,Wankhede Stadium,0,field,100.1876,35.331,97.8821,38.1046,1,0
1136608,Holkar Cricket Stadium,0,field,100.7042,34.2883,88.1845,36.1668,1,0
1136609,Eden Gardens,0,field,98.8847,38.8127,103.7859,34.8068,1,0
1136610,Wankhede Stadium,0,field,99.9168,34.6367,98.5103,35.2267,1,1
1136611,M. Chinnaswamy Stadium,0,field,96.7821,36.1668,89.1358,33.8584,0,1
1136612,Arun Jaitley Stadium,0,field,102.4097,32.6459,94.414,35.3778,1,1
1136613,Sawai Mansingh Stadium,1,bat,99.9215,39.3707,96.7821,36.1668,1,1
1136614,Rajiv Gandhi International Stadium,1,bat,92.8535,33.5683,103.7859,35.1929,1,0
1136615,Arun Jaitley Stadium,1,bat,101.0629,32.6776,99.9168,35.3881,1,1
1136616,Maharashtra Cricket Association Stadium,0,field,97.8893,34.4566,95.4841,34.8747,1,0
1136617,Wankhede Stadium,0,field,92.8535,33.5683,96.743,35.3778,0,0
1136618,Eden Gardens,0,field,104.3415,35.1929,100.203,39.7114,2,1
1136619,Eden Gardens,0,field,92.516,32.8264,104.3415,35.1929,1,1
1136620,Wankhede Stadium,0,field,91.8661,33.5683,96.7256,34.1147,0,0
1175356,MA Chidambaram Stadium,0,field,98.5863,36.2963,93.4923,35.3689,0,0
1175357,Eden Gardens,0,field,96.8097,37.0652,104.3415,34.0041,1,0
1175358,Wankhede Stadium,0,field,96.2522,29.0059,100.0696,35.2584,2,1
1175359,Sawai Mansingh Stadium,0,field,103.6689,33.1532,99.9097,38.059,1,1
1175360,Arun Jaitley Stadium,1,bat,96.2522,30.645,93.9536,35.3689,1,0
1175361,Eden Gardens,0,field,104.2757,34.0041,99.5477,34.504,1,1
1175362,M. Chinnaswamy Stadium,0,field,99.1568,37.2827,98.5863,36.2963,1,1
1175363,Rajiv Gandhi International Stadium,1,bat,96.6167,38.059,98.2625,36.3241,0,0
1175364,Punjab Cricket Association IS Bindra Stadium,0,field,99.1568,37.2827,97.3499,33.0187,2,0
1175365,Arun Jaitley Stadium,0,field,103.9643,31.8874,99.4292,30.608,1,0
1175366,Rajiv Gandhi International Stadium,0,field,96.0506,36.3241,98.5863,36.2963,1,1
1175367,MA Chidambaram Stadium,0,field,93.9536,34.0018,99.9097,38.059,1,1
1175368,Punjab Cricket Association IS Bindra Stadium,0,field,95.7971,32.2284,101.0228,30.608,2,1
1175369,Sawai Mansingh Stadium,0,field,100.378,35.6483,97.4055,38.5879,0,0
1175370,Wankhede Stadium,0,field,99.1568,36.0969,93.9536,33.824,1,1
1175371,Arun Jaitley Stadium,0,field,100.2933,31.7757,97.4623,36.3241,0,0
1175372,M. Chinnaswamy Stadium,0,field,98.4962,35.8984,104.3415,34.0041,0,0
1178393,MA Chidambaram Stadium,1,bat,96.2948,36.0927,100.2531,33.5396,1,1
1178394,Rajiv Gandhi International Stadium,0,field,100.7807,33.4296,97.4623,36.3241,0,1
1178395,M. Chinnaswamy Stadium,0,field,98.3032,35.8984,100.2933,31.7757,2,0
1178396,Sawai Mansingh Stadium,0,field,96.4184,37.9579,93.5972,37.1807,0,0
1178397,Punjab Cricket Association IS Bindra Stadium,0,field,94.0208,36.3241,99.4542,33.1532,1,0
1178398,MA Chidambaram Stadium,0,field,104.3415,35.1929,95.9451,36.0927,1,0
1178399,Wankhede Stadium,0,field,99.0963,31.6234,99.4552,32.9191,1,0
1178400,Sawai Mansingh Stadium,0,field,99.9891,38.059,96.3528,34.0403,1,0
1178401,Eden Gardens,0,field,103.0075,31.5224,99.7871,30.3517,0,0
1178402,Wankhede Stadium,0,field,100.7807,33.4296,102.2232,38.059,0,0
1178403,Punjab Cricket Association IS Bindra Stadium,0,field,99.6403,33.5396,98.6346,35.6483,0,0
1178404,Eden Gardens,0,field,104.3415,35.1929,96.3528,34.0403,1,0
1178405,Rajiv Gandhi International Stadium,0,field,99.9405,31.3019,98.6061,35.1206,0,1
1178406,Wankhede Stadium,0,field,97.8909,35.9775,100.0846,37.0551,1,0
1178407,Punjab Cricket Association IS Bindra Stadium,0,field,102.7944,33.3822,97.379,39.7114,1,1
1178408,Rajiv Gandhi International Stadium,1,bat,96.4636,33.8833,94.8116,35.1206,2,0
1178409,Arun Jaitley Stadium,1,bat,99.5662,38.1384,99.9405,31.3019,0,1
1178410,Eden Gardens,0,field,91.7204,37.5061,104.2434,35.1929,0,1
1178411,Sawai Mansingh Stadium,0,field,99.9718,37.0702,94.9584,38.5879,0,0
1178412,Arun Jaitley Stadium,0,field,99.5634,31.9387,94.8567,31.9713,2,0
1178413,Rajiv Gandhi International Stadium,0,field,105.4114,35.1138,93.0182,35.4729,1,0
1178414,M. Chinnaswamy Stadium,0,field,97.8909,37.9689,96.743,34.0018,0,1
1178415,Sawai Mansingh Stadium,0,field,91.5768,38.5879,99.3389,32.7434,1,0
1178416,MA Chidambaram Stadium,0,field,96.8097,35.555,96.7837,35.3689,1,0
1178417,M. Chinnaswamy Stadium,0,field,98.9261,35.6667,102.7944,32.328,2,1
1178418,Eden Gardens,0,field,105.4114,34.675,94.4924,37.3647,2,0
1178419,MA Chidambaram Stadium,0,field,95.7206,37.0702,94.2071,35.3689,2,1
1178420,Sawai Mansingh Stadium,0,field,93.0811,35.5813,97.3304,36.9713,2,0
1178421,Arun Jaitley Stadium,1,bat,94.8567,31.9713,104.048,32.3923,1,1
1178422,Eden Gardens,0,field,102.3136,34.2966,99.5624,37.0702,0,1
1178423,Rajiv Gandhi International Stadium,0,field,97.229,35.1206,104.652,33.3822,1,1
1178425,MA Chidambaram Stadium,0,field,96.743,35.3689,99.3389,33.6483,1,1
1178426,Wankhede Stadium,1,bat,99.5624,37.0702,94.1081,34.261,1,1
1178427,Punjab Cricket Association IS Bindra Stadium,0,field,102.8625,32.989,104.3415,34.8904,0,0
1178428,Arun Jaitley Stadium,1,bat,96.7263,38.0039,94.8206,30.4519,0,0
1178429,M. Chinnaswamy Stadium,0,field,92.8853,35.1126,95.699,33.7881,1,0
1178430,Punjab Cricket Association IS Bindra Stadium,0,field,96.743,35.3689,102.9792,33.3964,2,0
1178431,Wankhede Stadium,0,field,105.2996,34.2563,97.2987,38.2409,1,0
1181764,MA Chidambaram Stadium,1,bat,96.8244,35.3689,100.0846,38.1384,0,0
1181766,Dr. Y.S. Rajasekhara Reddy ACA-VDCA Cricket Stadium,0,field,90.0057,34.261,95.0101,30.4519,1,0
1181767,Dr. Y.S. Rajasekhara Reddy ACA-VDCA Cricket Stadium,0,field,95.0101,30.4519,96.743,35.3689,0,0
1181768,Rajiv Gandhi International Stadium,1,bat,100.7807,37.1292,96.743,35.3689,2,1
1216492,Sheikh Zayed Stadium,0,field,98.7189,35.1079,95.579,35.0465,2,0
1216493,Dubai International Cricket Stadium,0,field,98.6005,31.0847,102.4966,30.1345,1,1
1216534,Dubai International Cricket Stadium,0,field,96.3994,36.1144,100.8777,34.7218,1,1
1216496,Sharjah Cricket Stadium,0,field,100.8006,35.7067,98.0158,35.0465,0,1
1216508,Sheikh Zayed Stadium,0,field,98.7189,35.1079,103.7266,34.7268,1,1
1216510,Dubai International Cricket Stadium,0,field,101.4122,31.2495,96.3994,36.1144,0,1
1216539,Dubai International Cricket Stadium,0,field,99.6805,31.3603,98.0158,35.3621,0,1
1216545,Sheikh Zayed Stadium,1,bat,98.6948,35.2074,103.7266,35.5369,1,0
1216527,Sharjah Cricket Stadium,0,field,99.5496,31.2495,99.3779,35.7067,2,0
1216547,Dubai International Cricket Stadium,0,field,96.787,34.5716,100.7807,35.1079,0,1
1216532,Sheikh Zayed Stadium,0,field,98.8601,34.8803,98.6005,32.1342,0,1
1216504,Dubai International Cricket Stadium,0,field,103.7266,35.5369,99.3779,35.7067,1,1
1216503,Sheikh Zayed Stadium,0,field,100.7807,35.1079,102.4966,31.2708,1,1
1216516,Dubai International Cricket Stadium,1,bat,99.4282,34.8803,95.5445,34.7464,1,1
1216515,Sharjah Cricket Stadium,0,field,98.4322,30.8596,104.1985,35.2619,2,1
1216514,Sheikh Zayed Stadium,1,bat,99.3779,35.7067,96.787,34.5716,1,0
1216538,Sharjah Cricket Stadium,1,bat,100.7807,35.1079,99.4282,35.0216,2,1
1216513,Dubai International Cricket Stadium,1,bat,101.7473,29.851,94.2691,34.7464,1,0
1216519,Dubai International Cricket Stadium,0,field,98.6005,30.5902,98.5638,36.6409,2,1
1216511,Sheikh Zayed Stadium,1,bat,100.7807,35.1079,102.315,35.2338,0,1
1216501,Sheikh Zayed Stadium,1,bat,104.1985,35.2619,95.5445,34.1173,0,1
1216542,Dubai International Cricket Stadium,1,bat,99.4282,34.3239,103.7433,31.0323,1,1
1216500,Sharjah Cricket Stadium,0,field,98.6005,30.5902,102.5726,35.8323,2,1
1216525,Dubai International Cricket Stadium,1,bat,101.7795,35.0175,95.5445,34.1173,1,1
1216523,Sheikh Zayed Stadium,1,bat,104.1985,35.3419,103.3999,31.4489,2,1
1216507,Dubai International Cricket Stadium,1,bat,99.0777,34.109,100.0315,36.243,1,0
1216529,Sheikh Zayed Stadium,1,bat,94.3579,33.6513,100.7807,35.1079,1,0
1216540,Sharjah Cricket Stadium,1,bat,102.0479,34.5016,103.3078,33.1464,1,1
1216528,Dubai International Cricket Stadium,1,bat,95.5445,34.685,96.2735,34.109,1,1
1216543,Dubai International Cricket Stadium,1,bat,94.3579,34.4018,100.0315,36.243,2,1
1216531,Sharjah Cricket Stadium,1,bat,101.9526,34.5016,103.4306,31.1508,1,0
1216526,Sheikh Zayed Stadium,1,bat,103.3078,33.1212,97.2987,37.072,0,0
1216509,Sharjah Cricket Stadium,1,bat,95.5445,34.1173,94.3579,34.4018,1,0
1216522,Dubai International Cricket Stadium,1,bat,98.6418,36.243,102.0345,34.5449,0,0
1216517,Dubai International Cricket Stadium,1,bat,100.7807,35.9603,103.7121,31.1508,2,0
1216512,Sheikh Zayed Stadium,0,field,103.3078,32.7671,96.7667,34.2276,1,1
1216533,Sheikh Zayed Stadium,1,bat,95.1542,34.8367,98.6418,36.3064,1,0
1216546,Dubai International Cricket Stadium,1,bat,98.6005,33.8681,103.6604,32.2658,2,0
1216494,Sheikh Zayed Stadium,1,bat,95.1066,34.5295,96.498,34.1677,0,0
1216518,Dubai International Cricket Stadium,0,field,100.0315,36.3064,93.7393,34.2785,2,0
1216521,Sharjah Cricket Stadium,0,field,96.0189,33.6036,93.4997,36.0196,1,0
1216498,Dubai International Cricket Stadium,0,field,102.2289,31.1508,96.0121,33.8465,0,1
1216497,Sheikh Zayed Stadium,0,field,96.3745,37.0536,98.1715,34.4018,0,1
1216544,Dubai International Cricket Stadium,1,bat,103.7751,35.5855,96.3564,34.8213,2,0
1216541,Sheikh Zayed Stadium,1,bat,99.8897,34.9321,93.3116,36.3064,1,0
1216520,Sharjah Cricket Stadium,0,field,96.3745,37.0536,101.9474,31.1508,2,0
1216524,Dubai International Cricket Stadium,0,field,93.3115,34.2785,98.1715,34.4018,1,1
1216499,Sheikh Zayed Stadium,0,field,101.2392,35.256,99.8897,34.9321,1,0
1216536,Dubai International Cricket Stadium,0,field,98.264,36.9988,95.3763,34.5129,1,0
1216537,Sheikh Zayed Stadium,0,field,102.2289,31.1508,98.6418,36.4219,1,0
1216535,Dubai International Cricket Stadium,0,field,97.7873,30.5902,96.2869,37.3001,0,0
1216502,Sharjah Cricket Stadium,0,field,100.6218,34.1677,96.6381,34.6308,2,0
1216530,Dubai International Cricket Stadium,0,field,104.1985,35.2619,100.0315,36.4219,1,1
1216506,Sheikh Zayed Stadium,0,field,101.5163,31.1689,95.3618,33.3529,1,0
1216505,Sheikh Zayed Stadium,0,field,100.818,34.5016,98.2603,34.4018,0,0
1216495,Sharjah Cricket Stadium,0,field,100.2668,33.5108,88.332,34.6308,2,0
1237177,Dubai International Cricket Stadium,0,field,100.7807,35.9603,98.2603,34.4018,2,1
1237178,Sheikh Zayed Stadium,0,field,98.5638,36.163,91.1949,34.6308,1,0
1237180,Sheikh Zayed Stadium,1,bat,97.234,32.0468,93.4078,34.6308,0,1
1237181,Dubai International Cricket Stadium,1,bat,98.1715,34.4018,100.7807,35.9603,0,0
1254058,MA Chidambaram Stadium,0,field,99.2199,35.1079,100.0857,31.0219,1,0
1254059,Wankhede Stadium,0,field,98.1063,36.3704,98.842,31.12,0,0
1254060,MA Chidambaram Stadium,0,field,103.3078,35.016,96.4746,36.1493,2,1
1254061,Wankhede Stadium,0,field,102.601,31.9001,101.9001,36.7425,0,1
1254062,MA Chidambaram Stadium,0,field,100.7807,35.1079,103.3078,35.016,2,1
1254063,MA Chidambaram Stadium,0,field,98.2144,31.0219,96.4746,34.835,0,1
1254064,Wankhede Stadium,0,field,99.4682,33.2545,100.5597,35.3665,2,0
1254065,Wankhede Stadium,0,field,102.601,31.9001,98.5804,36.3704,0,0
1254066,MA Chidambaram Stadium,1,bat,100.7807,35.1079,99.3062,34.6756,1,1
1254067,MA Chidambaram Stadium,1,bat,101.068,31.1022,103.3078,35.016,2,1
1254068,Wankhede Stadium,0,field,102.4602,31.9215,99.2197,30.0356,1,0
1254069,Wankhede Stadium,0,field,98.1063,36.3704,100.5597,35.3665,0,1
1254070,MA Chidambaram Stadium,1,bat,100.7807,35.1079,99.8412,31.9935,2,0
1254072,Wankhede Stadium,0,field,96.692,36.1452,104.1985,35.3419,1,1
1254071,MA Chidambaram Stadium,1,bat,99.0226,32.6385,97.7565,34.8403,1,0
1254073,Wankhede Stadium,0,field,100.5597,36.7425,86.6514,31.8089,0,0
1254074,MA Chidambaram Stadium,0,field,100.7807,35.1079,97.2233,32.3944,1,0
1254075,Wankhede Stadium,0,field,104.5471,35.3419,104.8583,35.3665,2,0
1254076,Wankhede Stadium,1,bat,98.1063,33.5313,98.1574,31.0219,1,1
1254077,MA Chidambaram Stadium,1,bat,99.8412,31.9935,98.4407,33.1348,1,1
1254078,Narendra Modi Stadium,0,field,103.3342,32.6204,104.1985,35.3419,1,0
1254079,Narendra Modi Stadium,0,field,101.2411,31.1022,99.8412,31.8516,0,1
1254080,Arun Jaitley Stadium,1,bat,94.7005,34.0889,98.2634,36.1452,1,0
1254082,Narendra Modi Stadium,0,field,104.1985,35.3419,99.7117,30.5105,1,0
1254081,Arun Jaitley Stadium,0,field,104.4882,35.3665,97.2248,35.9603,1,0
1254083,Narendra Modi Stadium,0,field,103.9226,32.0113,100.9809,31.1022,2,1
1254084,Arun Jaitley Stadium,0,field,98.5804,36.1452,98.1904,34.821,1,0
1254085,Arun Jaitley Stadium,0,field,105.7103,36.1295,91.9243,35.1206,1,1
1254086,Narendra Modi Stadium,0,field,97.2966,32.0113,99.8412,30.5105,1,0
1254104,Dubai International Cricket Stadium,1,bat,98.1825,35.9698,98.9988,35.336,0,1
1254087,Sheikh Zayed Stadium,1,bat,99.2958,37.1375,103.0418,34.5212,2,0
1254111,Dubai International Cricket Stadium,0,field,106.262,36.1295,98.91,31.5692,1,1
1254105,Dubai International Cricket Stadium,1,bat,93.6231,34.3523,99.6805,30.6012,0,0
1254096,Sheikh Zayed Stadium,0,field,100.2668,35.1079,104.9547,34.8222,2,0
1254113,Sharjah Cricket Stadium,0,field,101.2747,32.7636,98.1825,35.9698,0,0
1254107,Sharjah Cricket Stadium,0,field,103.3405,32.0196,93.6231,34.3523,1,1
1254097,Sheikh Zayed Stadium,0,field,99.4762,30.6012,102.4541,35.9511,1,1
1254098,Sheikh Zayed Stadium,1,bat,104.8054,34.8222,98.1063,36.4607,0,0
1254108,Dubai International Cricket Stadium,0,field,99.0606,31.0219,100.7807,35.1079,1,1
1254100,Dubai International Cricket Stadium,1,bat,106.262,35.3665,95.0674,35.4178,1,0
1254092,Sharjah Cricket Stadium,0,field,99.1538,30.6012,97.103,37.0619,1,0
1254099,Sheikh Zayed Stadium,0,field,101.8573,32.0196,98.7189,35.9603,2,0
1254103,Dubai International Cricket Stadium,0,field,106.262,36.1295,98.2206,32.3351,0,0
1254091,Sharjah Cricket Stadium,0,field,96.7271,35.4178,98.1825,35.9698,0,0
1254102,Dubai International Cricket Stadium,0,field,97.103,37.531,99.9598,32.5147,1,0
1254112,Sharjah Cricket Stadium,0,field,98.7189,35.9603,99.7566,30.6012,1,0
1254089,Sheikh Zayed Stadium,0,field,98.5804,35.5164,98.1008,37.235,1,0
1254109,Dubai International Cricket Stadium,1,bat,97.3185,30.4942,97.103,38.3736,0,0
1254090,Sharjah Cricket Stadium,1,bat,97.1141,32.3351,101.4819,32.6204,0,1
1254110,Dubai International Cricket Stadium,0,field,97.2712,35.9698,99.4762,30.6012,0,0
1254093,Sharjah Cricket Stadium,0,field,99.1506,38.7559,97.5482,35.9603,1,0
1254095,Sheikh Zayed Stadium,0,field,97.3185,30.4942,98.2206,32.3351,1,1
1254106,Sharjah Cricket Stadium,0,field,97.103,37.4673,104.5338,37.5458,1,1
1254094,Dubai International Cricket Stadium,0,field,97.2712,35.9698,97.3183,32.6204,2,0
1254088,Sheikh Zayed Stadium,1,bat,98.3453,36.5677,97.4055,30.0717,1,1
1254101,Dubai International Cricket Stadium,0,field,99.4762,30.6012,98.3949,32.3351,1,0
1254114,Dubai International Cricket Stadium,0,field,99.5729,30.6012,97.2712,35.9698,2,0
1254115,Sharjah Cricket Stadium,1,bat,98.2206,32.3351,97.103,37.4673,1,0
1254116,Sharjah Cricket Stadium,0,field,100.0583,30.6012,97.103,37.4673,1,0
1254117,Dubai International Cricket Stadium,0,field,97.0967,35.9698,97.103,37.4673,2,1
1304047,Wankhede Stadium,0,field,96.6265,34.4471,104.8765,37.3582,2,0
1304048,Brabourne Stadium,0,field,98.9703,33.9636,93.1407,31.5585,0,0
1304049,Dr DY Patil Sports Academy,0,field,92.8906,32.2841,96.159,30.0865,1,0
1304050,Wankhede Stadium,0,field,98.3907,34.0341,93.4255,32.9796,0,0
1304051,Maharashtra Cricket Association Stadium,0,field,103.9331,35.7769,105.9345,25.1244,1,1
1304052,Dr DY Patil Sports Academy,0,field,104.8765,37.3582,92.0409,32.2841,2,0
1304053,Brabourne Stadium,0,field,94.5741,35.4581,98.3907,34.1716,0,0
1304054,Wankhede Stadium,0,field,96.159,29.3316,104.8765,37.3582,1,0
1304056,Maharashtra Cricket Association Stadium,0,field,93.4255,32.9796,93.1407,33.0821,0,1
1304055,Dr DY Patil Sports Academy,0,field,103.9331,35.1858,98.9703,33.9636,0,1
1304057,Brabourne Stadium,0,field,96.6764,28.861,94.5741,35.1295,1,1
1304058,Dr DY Patil Sports Academy,0,field,98.3907,33.6068,105.9345,25.1244,0,1
1304059,Wankhede Stadium,0,field,102.1234,35.1858,92.0409,32.2841,0,0
1304060,Maharashtra Cricket Association Stadium,0,field,103.1695,25.8326,104.9539,37.3582,1,0
1304061,Dr DY Patil Sports Academy,0,field,97.8506,33.8794,97.8806,33.6068,0,0
1304062,Brabourne Stadium,0,field,98.7122,28.861,98.8206,31.373,0,0
1304064,Maharashtra Cricket Association Stadium,0,field,104.0622,24.6542,96.8588,32.3132,0,0
1304063,Dr DY Patil Sports Academy,0,field,94.5741,35.1295,100.5514,26.3043,2,0
1304066,Wankhede Stadium,0,field,98.2346,34.4975,98.1885,33.5363,0,1
1304065,Brabourne Stadium,0,field,96.8845,33.0821,104.9539,37.3582,0,1
1304067,Dr DY Patil Sports Academy,0,field,99.3887,31.373,100.5514,26.3043,0,0
1304068,Dr DY Patil Sports Academy,0,field,94.3453,35.1295,95.6202,33.4607,2,1
1304069,Maharashtra Cricket Association Stadium,0,field,98.7122,28.861,103.6515,25.7701,1,1
1304070,Dr DY Patil Sports Academy,0,field,93.4255,32.9796,98.2346,34.0101,0,1
1304071,Brabourne Stadium,0,field,104.8202,35.3852,104.2448,25.7227,2,0
1304072,Brabourne Stadium,0,field,98.8655,31.4936,103.6515,25.7701,0,1
1304073,Wankhede Stadium,0,field,95.6202,32.9333,99.5904,32.056,2,1
1304074,Dr DY Patil Sports Academy,0,field,100.336,28.861,100.5514,25.7227,1,0
1304075,Maharashtra Cricket Association Stadium,0,field,94.6685,35.1295,92.2135,33.7941,0,0
1304076,Brabourne Stadium,0,field,99.8314,35.1671,104.8202,35.3852,1,1
1304077,Dr DY Patil Sports Academy,0,field,95.6202,32.9333,98.6986,33.5363,0,1
1304078,Brabourne Stadium,0,field,97.9721,30.307,91.7668,33.0821,0,0
1304079,Dr DY Patil Sports Academy,0,field,103.6304,25.7701,94.3698,34.1043,1,0
1304080,Wankhede Stadium,0,field,98.2346,35.1671,97.8506,33.0821,1,1
1304081,Dr DY Patil Sports Academy,1,bat,93.2164,33.3508,106.5173,35.3852,0,1
1304082,Brabourne Stadium,0,field,95.6202,32.9333,92.9582,25.7227,1,0
1304083,Wankhede Stadium,0,field,96.209,34.1007,103.6304,25.7701,1,1
1304084,Wankhede Stadium,0,field,97.4164,31.3499,94.3698,34.1043,2,1
1304085,Maharashtra Cricket Association Stadium,0,field,98.8861,34.4975,97.724,32.9333,0,1
1304086,Wankhede Stadium,0,field,104.2448,26.3043,93.2164,33.3508,1,0
1304087,Wankhede Stadium,0,field,106.0288,33.6003,99.5904,33.1843,1,0
1304088,Maharashtra Cricket Association Stadium,0,field,98.1885,33.3449,98.0411,31.3499,0,1
1304089,Brabourne Stadium,1,bat,98.6933,32.9333,99.6261,33.1372,0,0
1304090,Dr DY Patil Sports Academy,0,field,98.8861,34.4975,102.3314,33.9025,1,0
1304091,Wankhede Stadium,1,bat,96.0794,32.2462,99.5904,33.1843,1,1
1304092,Maharashtra Cricket Association Stadium,0,field,94.0063,33.2219,104.2448,26.3043,1,1
1304093,Wankhede Stadium,0,field,99.8389,34.4975,95.458,36.8747,1,0
1304094,Dr DY Patil Sports Academy,1,bat,99.6261,33.1372,95.1876,31.3499,1,0
1304095,Maharashtra Cricket Association Stadium,0,field,98.6933,32.9333,97.0459,35.3212,0,1
1304096,Brabourne Stadium,0,field,98.5256,31.1947,104.2448,28.2222,2,1
1304097,Brabourne Stadium,0,field,102.3314,33.9025,99.6261,33.1372,0,1
1304098,Wankhede Stadium,1,bat,98.0411,31.3499,103.9406,34.4975,1,0
1304099,Maharashtra Cricket Association Stadium,0,field,94.2673,33.3449,105.1372,33.477,0,1
1304101,Dr DY Patil Sports Academy,0,field,96.8376,34.1259,98.222,31.1947,1,1
1304100,Wankhede Stadium,1,bat,98.6933,32.9333,104.5924,26.1742,0,1
1304102,Dr DY Patil Sports Academy,0,field,106.0618,37.3582,99.8906,32.685,2,1
1304103,Maharashtra Cricket Association Stadium,1,bat,92.5039,31.832,98.1885,33.6865,1,1
1304104,Dr DY Patil Sports Academy,0,field,102.3087,34.4975,97.001,31.9298,1,0
1304105,Wankhede Stadium,0,field,96.8376,34.1259,105.3989,33.4267,2,0
1304106,Brabourne Stadium,0,field,98.0411,30.9819,98.6933,32.9333,1,1
1304107,Maharashtra Cricket Association Stadium,1,bat,106.0618,37.3582,104.2448,26.3043,1,1
1304109,Brabourne Stadium,1,bat,102.8956,35.1671,98.1885,33.3449,1,1
1304108,Wankhede Stadium,1,bat,95.4145,38.3849,91.5033,31.0376,0,0
1304110,Dr DY Patil Sports Academy,0,field,98.3232,31.1947,98.0411,30.9819,2,1
1304111,Wankhede Stadium,0,field,100.7246,27.0797,105.3989,33.6127,0,1
1304112,Dr DY Patil Sports Academy,1,bat,96.9827,30.9416,106.5173,35.3852,1,1
1304113,Wankhede Stadium,1,bat,94.0855,31.2498,95.9948,33.0364,1,0
1304114,Brabourne Stadium,1,bat,95.6115,38.3849,103.9331,35.1671,1,0
1304115,Wankhede Stadium,0,field,100.3093,31.1947,103.0746,25.6584,2,0
1304116,Wankhede Stadium,1,bat,106.6204,24.4187,99.3385,30.9532,1,0
1312197,Eden Gardens,0,field,103.9331,35.1671,91.5033,31.0376,0,0
1312198,Eden Gardens,0,field,98.6933,32.9333,101.0891,32.1159,1,1
1312199,Narendra Modi Stadium,0,field,98.6933,32.9333,102.1234,35.1671,1,0
1312200,Narendra Modi Stadium,1,bat,103.9331,35.1671,93.5747,31.2498,0,0
1359475,Narendra Modi Stadium,0,field,89.3481,30.9453,98.4298,33.1677,0,0
1359476,Punjab Cricket Association IS Bindra Stadium,0,field,88.0027,28.3692,97.286,31.2435,1,1
1359477,"Bharat Ratna Shri Atal Bihari Vajpayee Ekana Cricket Stadium, Lucknow",0,field,92.9819,28.0582,91.8342,27.2215,2,1
1359478,Rajiv Gandhi International Stadium,0,field,95.052,29.4032,89.2503,27.8083,1,1
1359479,M. Chinnaswamy Stadium,0,field,98.0925,29.7782,94.9323,33.235,0,0
1359480,MA Chidambaram Stadium,0,field,89.3481,30.9453,92.8727,27.0668,0,1
1359481,Arun Jaitley Stadium,0,field,92.9924,26.7927,99.0602,33.1677,0,0
1359482,Barsapara Cricket Stadium,0,field,95.3895,31.653,98.7374,29.4032,0,1
1359483,Eden Gardens,0,field,97.0916,31.2435,87.5272,29.5302,1,1
1359484,"Bharat Ratna Shri Atal Bihari Vajpayee Ekana Cricket Stadium, Lucknow",1,bat,87.5235,24.9342,104.7212,31.9639,0,0
1359485,Barsapara Cricket Stadium,0,field,98.0353,30.6617,90.9399,26.6883,1,1
1359486,Wankhede Stadium,0,field,101.5469,29.5462,95.9653,37.3801,1,0
1359487,Narendra Modi Stadium,1,bat,97.3659,33.1879,97.3738,30.9392,1,0
1359488,Rajiv Gandhi International Stadium,0,field,87.8843,29.4671,93.3998,26.1796,1,0
1359489,M. Chinnaswamy Stadium,0,field,95.0457,33.003,92.9819,28.7383,2,0
1359490,Arun Jaitley Stadium,0,field,87.9668,28.0125,105.9599,31.995,1,0
1359491,MA Chidambaram Stadium,0,field,97.4173,30.2895,89.3616,33.6772,2,1
1359492,Punjab Cricket Association IS Bindra Stadium,0,field,88.5185,28.9238,99.1363,33.5899,1,0
1359493,Eden Gardens,0,field,94.9563,24.0218,97.3738,30.9392,1,1
1359494,M. Chinnaswamy Stadium,0,field,88.5451,28.3507,89.4165,29.9034,2,1
1359495,"Bharat Ratna Shri Atal Bihari Vajpayee Ekana Cricket Stadium, Lucknow",0,field,92.9819,27.9819,87.9095,30.387,1,0
1359496,Wankhede Stadium,0,field,97.3738,30.9392,97.8286,28.1101,2,0
1359497,Narendra Modi Stadium,0,field,90.6988,30.872,98.742,31.2399,2,0
1359498,M. Chinnaswamy Stadium,0,field,89.3616,33.6014,87.2117,28.3507,1,1
1359499,Rajiv Gandhi International Stadium,0,field,105.6061,30.6444,95.0761,29.5601,1,1
1359500,Sawai Mansingh Stadium,0,field,92.9819,30.5058,98.742,30.673,0,1
1359502,Arun Jaitley Stadium,0,field,98.5519,31.4373,93.5556,27.4618,0,0
1359501,Punjab Cricket Association IS Bindra Stadium,0,field,95.8532,31.9001,91.8569,31.0006,0,1
1359503,MA Chidambaram Stadium,0,field,94.8218,24.1909,96.52,38.4121,1,0
1359504,"Bharat Ratna Shri Atal Bihari Vajpayee Ekana Cricket Stadium, Lucknow",1,bat,86.4343,30.6414,101.398,34.2759,2,1
1359505,Wankhede Stadium,0,field,98.7311,34.6939,97.4116,28.6103,1,1
1359506,M. Chinnaswamy Stadium,0,field,86.7647,27.3726,97.2869,30.673,0,1
1359507,Eden Gardens,0,field,96.6399,38.4121,98.821,31.3497,1,1
1359508,Rajiv Gandhi International Stadium,1,bat,92.6597,27.5432,94.9563,24.0218,2,1
1359509,Narendra Modi Stadium,0,field,86.1084,30.7616,97.8286,27.0827,0,1
1359510,M. Chinnaswamy Stadium,0,field,98.821,30.9445,86.7647,27.3726,1,1
1359511,Sawai Mansingh Stadium,1,bat,97.4173,30.7368,96.6179,38.4121,2,1
1359512,Punjab Cricket Association IS Bindra Stadium,0,field,92.8727,29.4983,91.6339,28.0467,1,1
1359513,Eden Gardens,0,field,97.5202,30.748,92.5061,35.0643,1,0
1359514,Arun Jaitley Stadium,1,bat,95.4531,24.3905,92.8369,27.5432,0,1
1359515,MA Chidambaram Stadium,1,bat,96.0864,36.4006,99.0545,31.3443,0,0
1359516,Wankhede Stadium,1,bat,97.4173,30.2257,105.9599,35.0948,1,0
1359517,"Bharat Ratna Shri Atal Bihari Vajpayee Ekana Cricket Stadium, Lucknow",1,bat,88.1575,29.3865,90.6189,29.714,1,1
1359518,Narendra Modi Stadium,1,bat,91.8224,29.421,86.1084,30.7616,0,1
1359520,Punjab Cricket Association IS Bindra Stadium,0,field,98.4595,32.7256,105.9599,33.6083,2,0
1359521,Rajiv Gandhi International Stadium,1,bat,98.8839,30.4384,94.9043,29.434,1,1
1359522,Sawai Mansingh Stadium,1,bat,98.742,31.2399,89.3023,35.0643,1,0
1359523,MA Chidambaram Stadium,0,field,101.5491,30.0487,89.3616,33.9681,1,0
1359524,Arun Jaitley Stadium,1,bat,96.5072,33.0747,103.3587,30.1093,2,0
1359525,Narendra Modi Stadium,0,field,91.2361,34.861,92.6888,28.9383,2,1
1359526,Sawai Mansingh Stadium,1,bat,100.968,35.656,96.2554,31.7537,2,0
1359527,Eden Gardens,1,bat,91.95,28.3692,107.7467,34.2625,1,0
1359528,Wankhede Stadium,0,field,88.0134,28.182,105.4821,30.5114,2,0
1359529,MA Chidambaram Stadium,1,bat,89.3616,33.9681,94.1794,29.2071,2,1
1359530,Eden Gardens,0,field,98.6895,30.6828,98.2268,35.6216,1,0
1359531,Wankhede Stadium,0,field,96.0072,27.278,85.6834,30.6414,1,1
1359532,Rajiv Gandhi International Stadium,1,bat,101.9706,36.7351,102.278,32.035,0,0
1359533,Arun Jaitley Stadium,0,field,91.3378,28.3692,93.5862,27.1988,0,1
1359534,Sawai Mansingh Stadium,1,bat,95.8828,34.8741,97.4173,31.1051,1,1
1359535,MA Chidambaram Stadium,1,bat,89.3616,33.9681,98.6895,30.4384,1,0
1359536,Narendra Modi Stadium,0,field,91.3731,30.872,93.167,29.434,1,1
1359537,"Bharat Ratna Shri Atal Bihari Vajpayee Ekana Cricket Stadium, Lucknow",0,field,99.2514,29.9905,95.7128,27.278,2,1
1359538,Himachal Pradesh Cricket Association Stadium,0,field,102.4369,30.0394,91.8974,28.073,1,1
1359539,Rajiv Gandhi International Stadium,0,field,101.8188,37.0978,93.5669,33.9283,1,0
1359540,Himachal Pradesh Cricket Association Stadium,0,field,99.4583,31.0524,98.4083,30.6942,1,0
1359541,Arun Jaitley Stadium,1,bat,94.7812,34.1677,92.5306,29.3394,2,1
1359542,Eden Gardens,0,field,91.2639,28.5989,98.6895,30.4384,2,1
1359543,Wankhede Stadium,0,field,94.8592,28.0124,100.4689,30.5114,1,0
1359544,M. Chinnaswamy Stadium,0,field,88.1006,28.9022,92.4192,35.0827,1,0
1370350,MA Chidambaram Stadium,0,field,89.3616,33.9681,86.3578,29.7802,0,1
1370351,MA Chidambaram Stadium,1,bat,97.4116,27.2919,89.5326,28.5989,0,1
1370352,Narendra Modi Stadium,0,field,96.7938,35.0643,95.6652,27.2919,1,1
1370353,Narendra Modi Stadium,0,field,96.7938,35.0643,96.5395,36.7375,1,0
1422119,MA Chidambaram Stadium,1,bat,95.3694,27.5766,96.5043,40.1034,1,0
1422120,"Maharaja Yadavindra Singh International Cricket Stadium, Mullanpur",0,field,97.0883,29.3211,95.5831,27.317,1,0
1422121,Eden Gardens,0,field,101.8159,29.0806,95.4207,29.2812,1,1
1422122,Sawai Mansingh Stadium,1,bat,99.3034,31.1548,92.3453,28.5989,1,1
1422123,Narendra Modi Stadium,0,field,91.0219,28.7519,100.0528,25.1735,1,1
1422124,M. Chinnaswamy Stadium,0,field,95.5831,27.317,95.5451,26.6782,1,0
1422125,MA Chidambaram Stadium,0,field,97.4489,39.8359,91.0219,28.7519,2,1
1422126,Rajiv Gandhi International Stadium,0,field,109.6896,26.4492,100.473,31.2089,0,1
1422127,Sawai Mansingh Stadium,0,field,99.3034,31.1548,105.5264,30.7084,1,1
1422128,M. Chinnaswamy Stadium,0,field,95.3694,25.1675,110.5866,33.896,0,0
1422129,"Bharat Ratna Shri Atal Bihari Vajpayee Ekana Cricket Stadium, Lucknow",1,bat,92.3453,32.3153,95.5831,27.317,1,1
1422130,Narendra Modi Stadium,1,bat,100.3695,29.9531,99.0601,33.9799,0,0
1422131,Dr. Y.S. Rajasekhara Reddy ACA-VDCA Cricket Stadium,1,bat,97.8636,27.3899,89.7932,34.8593,0,1
1422132,Wankhede Stadium,0,field,99.8106,24.3699,107.2526,34.7001,2,0
1422133,M. Chinnaswamy Stadium,0,field,92.3453,31.1766,95.5451,27.2585,1,1
1422134,Dr. Y.S. Rajasekhara Reddy ACA-VDCA Cricket Stadium,1,bat,111.2956,32.3923,97.8636,28.7043,0,1
1422135,Narendra Modi Stadium,0,field,90.926,29.7881,94.0941,26.6511,1,0
1422136,Rajiv Gandhi International Stadium,0,field,89.5631,35.9802,108.3005,33.5594,2,0
1422137,Sawai Mansingh Stadium,0,field,100.1696,30.4459,108.0926,34.7001,2,0
1422138,Wankhede Stadium,0,field,98.183,30.6485,95.6804,29.2455,2,1
1422139,"Bharat Ratna Shri Atal Bihari Vajpayee Ekana Cricket Stadium, Lucknow",1,bat,92.3453,31.1766,89.0759,29.7881,0,1
1426260,MA Chidambaram Stadium,0,field,102.3323,29.0945,96.3221,36.8447,1,0
1426261,"Maharaja Yadavindra Singh International Cricket Stadium, Mullanpur",0,field,100.2012,29.608,94.0941,26.6511,1,1
1426262,Sawai Mansingh Stadium,0,field,105.1996,35.469,89.8709,31.0107,1,0
1426263,Wankhede Stadium,0,field,100.0893,26.0695,105.375,35.2039,1,0
1426264,"Bharat Ratna Shri Atal Bihari Vajpayee Ekana Cricket Stadium, Lucknow",1,bat,92.6092,28.0866,109.6563,31.133,2,0
1426265,"Maharaja Yadavindra Singh International Cricket Stadium, Mullanpur",0,field,96.3088,27.2577,97.5899,29.437,1,0
1426266,Eden Gardens,0,field,91.7618,28.8886,109.2952,33.896,2,0
1426267,Wankhede Stadium,0,field,96.4304,39.3535,98.183,31.0682,2,1
1426268,M. Chinnaswamy Stadium,0,field,108.6152,33.5594,98.4005,25.255,0,1
1426269,Eden Gardens,0,field,102.3323,29.0806,99.798,29.0942,1,0
1426270,Narendra Modi Stadium,0,field,91.2693,31.9562,99.346,28.1865,1,0
1426271,"Maharaja Yadavindra Singh International Cricket Stadium, Mullanpur",0,field,98.183,31.0682,96.8645,27.2577,1,1
1426272,"Bharat Ratna Shri Atal Bihari Vajpayee Ekana Cricket Stadium, Lucknow",0,field,90.3809,35.8748,100.4111,30.4696,1,0
1426273,Arun Jaitley Stadium,0,field,99.5303,29.839,100.7505,27.7805,1,1
1426274,Eden Gardens,0,field,102.3323,29.0806,101.1554,27.0045,2,1
1426275,"Maharaja Yadavindra Singh International Cricket Stadium, Mullanpur",1,bat,96.8645,27.2577,91.2693,29.831,1,0
1426276,Sawai Mansingh Stadium,1,bat,95.4358,31.6788,101.6805,34.5553,1,0
1426277,MA Chidambaram Stadium,0,field,86.7421,34.0841,101.1907,30.4696,0,0
1426278,Arun Jaitley Stadium,0,field,107.0926,30.6418,91.2693,29.831,2,1
1426279,Rajiv Gandhi International Stadium,1,bat,101.1554,27.0045,99.5303,29.6051,1,1
1426280,Eden Gardens,0,field,110.5832,32.9567,102.4287,31.6471,1,0
1426282,"Bharat Ratna Shri Atal Bihari Vajpayee Ekana Cricket Stadium, Lucknow",0,field,91.7618,30.3556,107.4537,34.5553,1,0
1426281,Arun Jaitley Stadium,0,field,107.3749,31.133,96.7035,31.6788,0,1
1426283,Narendra Modi Stadium,0,field,99.1901,32.9834,110.0826,31.0204,1,0
1426284,MA Chidambaram Stadium,0,field,93.3033,36.9126,99.5303,29.8369,1,1
1426285,Eden Gardens,1,bat,99.346,30.1392,110.5866,33.896,1,0
1426286,"Bharat Ratna Shri Atal Bihari Vajpayee Ekana Cricket Stadium, Lucknow",0,field,95.4358,31.6788,88.6241,32.3153,1,0
1426287,MA Chidambaram Stadium,0,field,87.4927,34.3666,102.4287,31.6471,0,0
1426288,Rajiv Gandhi International Stadium,1,bat,106.7939,33.3917,99.798,30.2319,1,1
1426289,Wankhede Stadium,0,field,101.9376,29.0945,97.8005,31.6788,1,1
1426290,M. Chinnaswamy Stadium,0,field,91.1464,30.7568,101.8734,26.2346,1,0
1426292,"Bharat Ratna Shri Atal Bihari Vajpayee Ekana Cricket Stadium, Lucknow",0,field,102.3323,29.0806,88.6241,28.5989,1,1
1426291,Himachal Pradesh Cricket Association Stadium,0,field,86.9364,33.5243,95.524,28.0491,0,1
1426293,Wankhede Stadium,0,field,99.6994,29.4153,104.106,36.6821,1,0
1426294,Arun Jaitley Stadium,0,field,98.2364,28.1865,99.4912,30.2319,0,1
1426295,Rajiv Gandhi International Stadium,1,bat,100.3487,31.7683,98.4706,33.7295,2,0
1426296,Himachal Pradesh Cricket Association Stadium,0,field,101.1554,27.0045,97.42,29.002,2,1
1426297,Narendra Modi Stadium,0,field,97.5613,35.4033,89.5631,35.5758,0,1
1426298,Eden Gardens,0,field,101.8159,29.0806,97.8005,32.2079,1,1
1426299,MA Chidambaram Stadium,1,bat,100.8028,31.1548,98.1371,38.8619,2,0
1426300,M. Chinnaswamy Stadium,0,field,101.1554,27.0045,96.8101,28.1865,1,1
1426302,Arun Jaitley Stadium,0,field,98.2364,28.1865,92.3989,29.514,1,1
1426303,Barsapara Cricket Stadium,1,bat,96.46,30.2319,95.524,28.3088,2,0
1426305,Wankhede Stadium,0,field,90.0214,29.605,101.9398,23.989,1,1
1426306,M. Chinnaswamy Stadium,0,field,95.8317,27.5253,89.272,33.5711,0,1
1426307,Rajiv Gandhi International Stadium,1,bat,93.9154,28.3465,99.3169,29.834,0,0
1426309,Narendra Modi Stadium,1,bat,99.3169,29.834,102.8876,33.896,0,0
1426310,Narendra Modi Stadium,0,field,95.8317,27.5253,97.5946,30.2319,1,0
1426311,MA Chidambaram Stadium,0,field,100.2012,29.608,97.5946,30.2319,2,1
1426312,MA Chidambaram Stadium,1,bat,100.2012,29.608,102.8876,33.896,0,0
2000001,Eden Gardens,0,Bowl,100.2103,31.3878,104.3509,33.797,2,0
2000002,Rajiv Gandhi International Stadium,0,Bowl,96.7066,27.5577,99.2408,30.8095,2,1
2000003,MA Chidambaram Stadium,1,Bowl,90.5188,33.2546,103.5676,26.953,2,1
2000004,ACA-VDCA Cricket Stadium,1,Bowl,107.4269,28.7813,90.0507,29.3364,2,1
2000005,Narendra Modi Stadium,1,Bowl,93.1688,28.3941,104.6689,32.2596,1,0
2000006,Barsapara Stadium,0,Bowl,99.2408,30.7802,94.5241,38.8812,2,0
2000007,Rajiv Gandhi International Stadium,0,Bowl,96.7066,27.5577,92.8008,28.9066,1,0
2000008,MA Chidambaram Stadium,1,Bowl,90.4096,33.5416,97.5331,29.4269,1,0
2000009,Narendra Modi Stadium,0,Bowl,100.6356,31.6578,95.8627,27.8496,2,1
2000011,Barsapara Stadium,0,Bowl,97.1121,30.7802,91.1076,33.2975,1,1
2000010,ACA-VDCA Cricket Stadium,0,Bat,115.895,31.9644,96.7181,27.4275,0,1
2000012,Wankhede Stadium,1,Bowl,111.5386,28.2741,99.8156,31.3878,0,1
2000013,Ekana Cricket Stadium,0,Bowl,92.8008,28.9066,101.9082,33.3769,2,0
2000014,M. Chinnaswamy Stadium,0,Bowl,95.0326,29.4269,98.5183,31.9384,2,0
2000015,Eden Gardens,0,Bowl,109.3262,36.8886,95.6042,27.0614,2,1
2000016,Ekana Cricket Stadium,0,Bowl,92.8008,28.9066,111.9762,28.2741,2,1
2000017,MA Chidambaram Stadium,0,Bat,90.8652,33.2975,106.5791,28.7813,1,0
2000018,New PCA Cricket Stadium,1,Bowl,96.7132,29.6807,96.6064,30.1153,1,0
2000019,Rajiv Gandhi International Stadium,0,Bowl,95.6042,27.3326,98.0249,32.0382,0,0
2000020,Wankhede Stadium,1,Bowl,104.6346,30.4765,97.5331,29.4269,2,0
2000021,Eden Gardens,1,Bowl,100.2103,31.3878,100.608,30.5079,2,0
2000022,New PCA Cricket Stadium,1,Bat,96.7132,28.3144,90.8652,33.2975,1,1
2000023,Narendra Modi Stadium,0,Bowl,92.7477,29.115,99.2408,30.8095,2,1
2000024,M. Chinnaswamy Stadium,0,Bowl,97.5331,29.4269,115.895,31.9644,1,0
2000025,MA Chidambaram Stadium,0,Bowl,89.7629,33.2859,98.2079,40.9147,1,0
2000026,Ekana Cricket Stadium,1,Bowl,99.3741,32.7597,93.1688,29.115,1,1
2000027,Rajiv Gandhi International Stadium,0,Bat,103.3869,28.7401,96.7132,28.3144,2,1
2000029,Arun Jaitley Stadium,1,Bowl,106.7184,28.7813,104.5217,31.4231,1,1
2000028,Sawai Mansingh Stadium,0,Bowl,97.1121,30.7802,101.9293,33.1479,2,0
2000030,Ekana Cricket Stadium,0,Bowl,100.7492,32.4836,89.3816,32.7426,2,0
2000031,New PCA Cricket Stadium,1,Bat,97.8398,30.4452,100.2103,31.3878,1,1
2000032,Arun Jaitley Stadium,0,Bowl,103.6605,28.7459,98.7155,30.5045,1,1
2000033,Wankhede Stadium,1,Bowl,113.5369,35.5511,96.7181,26.0741,1,1
2000034,M. Chinnaswamy Stadium,0,Bowl,97.2379,29.4269,97.5996,29.6317,2,0
2000035,Narendra Modi Stadium,1,Bowl,99.6423,32.3164,103.8248,28.7813,0,1
2000036,Sawai Mansingh Stadium,0,Bat,103.5384,30.7802,92.8008,28.9066,2,0
2000038,Wankhede Stadium,1,Bowl,111.5386,31.28,101.7779,38.0924,0,1
2000037,New PCA Cricket Stadium,0,Bowl,97.5996,29.6317,105.7585,32.2201,1,1
2000039,Eden Gardens,1,Bowl,99.22,32.3506,102.0671,32.2637,1,0
2000040,Ekana Cricket Stadium,0,Bowl,92.8008,28.9066,108.1367,31.6237,0,0
2000041,Rajiv Gandhi International Stadium,1,Bowl,96.7181,25.6372,111.8005,34.1455,0,0
2000042,M. Chinnaswamy Stadium,0,Bowl,98.644,28.239,103.5384,30.6239,1,1
2000043,MA Chidambaram Stadium,0,Bowl,92.3549,24.2615,95.6042,27.2824,1,0
2000046,Arun Jaitley Stadium,0,Bowl,104.7535,28.8541,102.9678,33.1479,1,0
2000045,Wankhede Stadium,0,Bowl,105.1537,30.9241,92.8008,29.6133,0,1
2000047,Sawai Mansingh Stadium,1,Bowl,104.8485,34.1289,92.9266,29.115,0,1
2000048,Arun Jaitley Stadium,1,Bowl,104.7535,28.8541,99.4508,33.3485,0,0
2000049,MA Chidambaram Stadium,0,Bowl,92.3549,24.2615,96.9894,30.0697,1,0
2000050,Sawai Mansingh Stadium,1,Bowl,103.5384,28.3952,99.8646,35.8018,2,0
2000051,Narendra Modi Stadium,0,Bowl,93.4821,29.115,95.6042,27.2824,2,1
2000052,M. Chinnaswamy Stadium,0,Bowl,97.7079,28.0095,100.8396,25.9064,2,1
2000054,HPCA Stadium,0,Bowl,97.7091,28.289,92.8008,29.5489,1,1
2000053,Eden Gardens,1,Bat,107.8256,38.3956,103.1821,27.3899,1,1
2000056,Wankhede Stadium,0,Bowl,104.8205,27.977,93.1688,29.115,0,0
2000057,Eden Gardens,1,Bat,98.106,32.3506,97.0978,24.5723,1,0
2000059,Sawai Mansingh Stadium,0,Bat,105.2758,27.0039,93.8908,30.0697,1,0
2000060,Arun Jaitley Stadium,0,Bowl,113.1827,34.472,94.0665,31.4258,1,0
2000061,Ekana Cricket Stadium,0,Bowl,92.4258,25.7915,94.8113,24.5459,1,0
2000062,Arun Jaitley Stadium,0,Bowl,97.0978,24.5723,113.4186,27.5671,1,0
2000063,Wankhede Stadium,0,Bowl,104.5217,31.4231,103.1395,29.2036,0,1
2000064,Narendra Modi Stadium,1,Bowl,93.1688,28.3941,100.196,29.4077,0,0
2000065,Ekana Cricket Stadium,1,Bowl,97.8148,28.0095,96.7181,24.5007,1,0
2000066,Sawai Mansingh Stadium,0,Bowl,97.5105,28.1252,111.3244,32.0068,1,0
2000067,Narendra Modi Stadium,0,Bat,93.1688,29.115,107.0936,25.9064,1,0
2000068,Arun Jaitley Stadium,0,Bat,99.3444,31.3878,105.6864,27.291,2,0
2000069,Sawai Mansingh Stadium,1,Bowl,102.1935,30.4036,104.6346,28.0971,0,1
2000070,Ekana Cricket Stadium,0,Bowl,99.1311,29.4077,97.7259,27.9923,1,0
2000071,New PCA Cricket Stadium,0,Bowl,97.6504,26.4948,105.3087,32.2201,2,0
2000072,New PCA Cricket Stadium,0,Bat,93.6133,29.115,105.2954,31.7852,2,0
2000073,Narendra Modi Stadium,1,Bowl,97.6504,28.052,96.2312,28.249,1,1
2000074,Narendra Modi Stadium,0,Bowl,97.7259,28.239,97.6504,28.052,1,1
